text,label
"সময় মতো যথেষ্ট সুন্দর কথা বলেছেন",positive
"১০০ ভাগ সত্য, এরা এমন কথা বলে",Positive
"মাশাল্লাহ অনেক সুন্দর কথা আপনাদের মত কথা বলে এত সুন্দর সুন্দর আমার কলিজার ভাই ও বোনেরা কোথায় আমি দেখতে চাই সবাই দেখতে চাই আল্লাহ যেন তোমাদের নেক হায়াত দান করেন",Positive
"বাংলাদেশ অচল না শুধু আওয়ামী লীগ অচল",positive
"আপনাকে ছাড়া দূর্নীতি অচল",negative
"বিশ্ববিদ্যালয় শিক্ষার্থীদের উচ্চমানের একাডেমিক জ্ঞান এবং গবেষণা দক্ষতা প্রদান করে",positive
"ভার্সিটির সময়কালে শিক্ষার্থীরা শুধু একাডেমিক শিক্ষা নয়, বরং ব্যক্তিগত দক্ষতা, যেমন যোগাযোগ, নেতৃত্ব, এবং সমস্যা সমাধান ক্ষমতা উন্নত করে",positive
" ভার্সিটি শিক্ষার্থীদের নানান প্রান্তের মানুষের সাথে মেলামেশার সুযোগ দেয়, যা পরবর্তীতে চাকরি বা ব্যক্তিগত জীবনে সাহায্য করতে পারে",positive
" বিশ্ববিদ্যালয়ে বিভিন্ন ক্লাব, সংগঠন ও কার্যক্রমের মাধ্যমে শিক্ষার্থীরা নতুন নতুন অভিজ্ঞতা অর্জন করতে পারে, যা ব্যক্তিগত ও পেশাগত উন্নতিতে সহায়ক",positive
"ভার্সিটির পড়াশোনার চাপ অনেক সময় অতিরিক্ত হতে পারে, যা শিক্ষার্থীদের মানসিক চাপের কারণ হতে পারে",negative
"ভার্সিটির ফি এবং অন্যান্য খরচ অনেক শিক্ষার্থীর জন্য আর্থিক চাপ সৃষ্টি করে",negative
"ভার্সিটির ব্যস্ততা এবং বিভিন্ন একাডেমিক কাজের কারণে অনেক সময় শিক্ষার্থীরা পরিবার বা বন্ধুদের সাথে সময় কাটানোর সুযোগ পায় না",negative
"ভার্সিটির ডিগ্রি থাকা সত্ত্বেও অনেকেই চাকরি খুঁজে পেতে সমস্যার সম্মুখীন হন, যা হতাশা বাড়াতে পারে",negative
"ভার্সিটির জীবনে বিভিন্ন সামাজিক এবং প্রতিযোগিতামূলক পরিবেশে মানিয়ে নেওয়া কঠিন হতে পারে",negative
"কিছু মানুষ মনে করে মেয়েরা অত্যধিক আবেগপ্রবণ হয়, যা সিদ্ধান্ত গ্রহণের ক্ষেত্রে বাধা সৃষ্টি করতে পারে",negative
"মেয়েদের শারীরিকভাবে দুর্বল বলে বিবেচনা করা হয়, যদিও এটি বাস্তবতা নয়, কিন্তু প্রাচীন ধ্যান-ধারণায় মেয়েদের দুর্বল হিসাবে দেখা হত",negative
"কিছু সমাজে মেয়েদের অর্থনৈতিকভাবে পুরুষদের উপর নির্ভরশীল হিসাবে দেখা হয়, যা তাদের স্বাধীনতা সীমিত করে",negative
"অনেক সময় মেয়েদের সম্পর্কে বলা হয় যে তারা গুজব বা ছোটখাটো বিষয় নিয়ে বেশি আলোচনা করে, যা নেতিবাচক হিসাবে দেখা হয়",negative
"কর্পোরেট জগতে বা কাজের জায়গায় কিছু মানুষ মনে করে মেয়েরা কিছু ক্ষেত্রে উন্নতির পথে বাধা হতে পারে, যদিও এটা ভুল ধারণা",negative
"মেয়েদের সাধারণত অনেক মমতাময়ী এবং সহানুভূতিশীল হিসাবে বিবেচনা করা হয়। তারা পরিবারের যত্ন নেয়, সন্তান লালনপালনে গুরুত্বপূর্ণ ভূমিকা রাখে",positive
"কাজের জায়গা হোক বা ঘরের দায়িত্ব, মেয়েরা কঠোর পরিশ্রম করতে পারে এবং বহু দায়িত্ব পালন করতে সক্ষম",positive
"মেয়েরা সাধারণত একাধিক কাজ একসঙ্গে পরিচালনা করতে পারে, যেমন কাজের সাথে ঘরের দায়িত্ব পালন করা",positive
"আধুনিক সমাজে মেয়েরা শিক্ষিত হচ্ছে এবং স্বাধীনভাবে নিজেদের পেশা ও জীবনধারা বেছে নিচ্ছে, যা তাদের আত্মনির্ভরশীল করে তুলেছে",positive
"অনেক সময় মেয়েরা মানসিকভাবে দৃঢ় থাকে এবং কঠিন পরিস্থিতিতে ধৈর্য ও সাহস নিয়ে মোকাবিলা করতে পারে",positive
"আমি ভার্সিটি যাবনা",negative
"আমি পড়াশোনা করি না",negative
"আমি অনেক রাগী",negative
"সমাজ মানুষকে একত্রিত করে এবং সহযোগিতার পরিবেশ তৈরি করে। একে অপরের সাথে মিলেমিশে কাজ করা, সাহায্য করা এবং সমর্থন দেওয়া সমাজের একটি গুরুত্বপূর্ণ গুণ",positive
"সমাজের মাধ্যমেই মানুষ শিক্ষা, সংস্কৃতি, এবং প্রযুক্তির অগ্রগতির অংশীদার হতে পারে। এটি ব্যক্তিগত ও সামষ্টিক উন্নয়নে সহায়তা করে",positive
"সঠিকভাবে গঠিত সমাজ আইন, শৃঙ্খলা এবং ন্যায়বিচার প্রতিষ্ঠা করতে পারে, যা মানুষকে সুরক্ষা ও নিরাপত্তা প্রদান করে",positive
"সমাজ বিভিন্ন সংস্কৃতি, রীতি-নীতি, এবং ঐতিহ্যের ধারক। এটি ঐক্যবদ্ধ করে এবং লোকসংস্কৃতি ও ইতিহাসকে সংরক্ষণ করতে সহায়তা করে",positive
"সমাজ মানুষের মধ্যে সম্পর্ক তৈরি করতে সাহায্য করে। পরিবার, বন্ধুবান্ধব, এবং সম্প্রদায়ের মাধ্যমে মানুষ তার সামাজিক পরিচয় ও মানসিক সমর্থন পায়",positive
"অনেক সমাজে ধনী-দরিদ্রের বৈষম্য, জাতিগত বা লিঙ্গভিত্তিক অসাম্য প্রচলিত, যা সমাজের উন্নয়নে বড় বাধা হতে পারে",negative
"সমাজে নতুন ধ্যান-ধারণা বা পরিবর্তনের বিরুদ্ধে প্রতিরোধের মানসিকতা থাকতে পারে, যা অগ্রগতিকে বাধাগ্রস্ত করে",negative
"কিছু সমাজে কুসংস্কার এবং অন্ধবিশ্বাসের প্রচলন রয়েছে, যা মানুষের মুক্ত চিন্তা এবং যুক্তিবাদী আচরণকে সীমিত করে",negative
"অনেক সময় সমাজে বিভিন্ন ধরণের অপরাধ এবং সহিংসতা দেখা যায়, যা মানুষের জীবনে অশান্তি ও অনিরাপত্তা সৃষ্টি করে",negative
"সমাজে কখনও কখনও গোষ্ঠীবাদ বা প্রভাবশালী গোষ্ঠীর চাপ থাকে, যা ব্যক্তির স্বাধীন মত প্রকাশ ও স্বাধীনতার ক্ষেত্রে বাধা সৃষ্টি করতে পারে",negative
"শিক্ষকরা জ্ঞান বিতরণ করেন এবং শিক্ষার্থীদের জীবনের গুরুত্বপূর্ণ বিষয়ে শিক্ষা দেন। তারা সমাজের বুদ্ধিবৃত্তিক উন্নয়নে গুরুত্বপূর্ণ ভূমিকা পালন করেন",positive
"অনেক শিক্ষক শিক্ষার্থীদের অনুপ্রেরণা দেন, তাদের মধ্যে সৃজনশীলতা ও কৌতূহল জাগিয়ে তোলেন এবং জীবনে সফল হতে সহায়তা করেন",positive
"শিক্ষকেরা কেবল পাঠ্যবইয়ের শিক্ষা নয়, নৈতিক ও সামাজিক শিক্ষা প্রদানেও গুরুত্বপূর্ণ ভূমিকা রাখেন, যা শিক্ষার্থীদের মানবিক গুণাবলী বিকাশে সহায়তা করে",positive
"শিক্ষকরা শিক্ষার্থীদের জীবনের বিভিন্ন সময়ে দিকনির্দেশনা দিয়ে সহায়তা করেন, যাতে তারা সঠিক পথ নির্বাচন করতে পারে",positive
"একজন ভালো শিক্ষক সাধারণত ধৈর্যশীল ও সহানুভূতিশীল হন। তারা শিক্ষার্থীদের সমস্যা বুঝতে এবং সমাধান করতে ধৈর্যের সাথে সহায়তা করেন",positive
"কিছু শিক্ষক কখনও কখনও কঠোর বা রুক্ষ হতে পারেন, যা শিক্ষার্থীদের মানসিকভাবে আঘাত করতে পারে। কঠোর শাসনের ফলে শিক্ষার্থীদের মাঝে ভয় বা অসন্তুষ্টি তৈরি হতে পারে।",negative
"অনেক সময় শিক্ষকদের বিরুদ্ধে পক্ষপাতিত্বের অভিযোগ করা হয়। কিছু শিক্ষার্থী মনে করে যে শিক্ষকরা কিছু নির্দিষ্ট শিক্ষার্থীর প্রতি বেশি মনোযোগ দেন বা তাদের পছন্দ করেন",negative
"কিছু শিক্ষক পড়ানোর ক্ষেত্রে সৃজনশীলতার অভাব দেখান, ফলে শিক্ষার্থীরা ক্লাসে আগ্রহ হারায় এবং পড়াশোনায় উদাসীন হয়ে যায়",negative
"কিছু শিক্ষক শুধুমাত্র পাঠ্যক্রম বা রুটিন অনুযায়ী পড়ানোর দিকে বেশি মনোযোগ দেন, যা শিক্ষার্থীদের চিন্তা করার বা সৃজনশীল হতে বাধা দেয়",negative
"কিছু ক্ষেত্রে শিক্ষকদের সাথে শিক্ষার্থীদের মধ্যে যোগাযোগের অভাব দেখা যায়। শিক্ষার্থীরা তাদের সমস্যাগুলো শিক্ষকের সাথে শেয়ার করতে সংকোচ বোধ করতে পারে",negative
"অনেকেই মনে করেন বিবাহের পর ব্যক্তিগত স্বাধীনতা কমে যায় এবং জীবনে অনেক সীমাবদ্ধতা আসে",negative
"বিবাহের মাধ্যমে অনেক নতুন দায়িত্ব আসে, যা অনেকের জন্য চাপ হয়ে দাঁড়াতে পারে",negative
"বিবাহিত জীবনে মতবিরোধ ও কলহ হতে পারে, যা মানসিক চাপ সৃষ্টি করতে পারে",negative
"বিবাহের পর পরিবারের চাহিদা পূরণ করতে আর্থিকভাবে অনেক বেশি চাপ অনুভূত হতে পারে",negative
" অনেক ক্ষেত্রে বিবাহিত জীবনসঙ্গীর সাথে আবেগের সঠিক সম্পর্ক না গড়ে উঠলে, একাকিত্ব ও হতাশা তৈরি হতে পারে",negative
"বিবাহের মাধ্যমে মানুষ একজন স্থায়ী সঙ্গী পায়, যার সঙ্গে জীবনের সুখ-দুঃখ ভাগ করে নেওয়া যায়",positive
"বিবাহ সমাজ এবং পরিবারের জন্য স্থিতিশীলতা নিয়ে আসে, এবং এতে পরিবার গঠন সহজ হয়",positive
"বিবাহিত জীবনসঙ্গী একজন অন্যজনকে আর্থিক এবং মানসিকভাবে সমর্থন দেয়",positive
"বিবাহ মানুষকে দায়িত্বশীল এবং সমঝোতাপূর্ণ হতে শেখায়",positive
" বিবাহ পরিবারে নতুন সদস্যদের আগমন ঘটায়, যা পরিবার ও বংশকে টিকিয়ে রাখে",positive
"বইয়ের প্রতি অতিরিক্ত আসক্তি বাস্তব জীবন থেকে বিচ্ছিন্ন করতে পারে",negative
"কিছু বইয়ের বিষয়বস্তু বিভ্রান্তিকর হতে পারে",negative
"অনেক বইয়ে ভুল তথ্য থাকতে পারে",negative
"অতিরিক্ত বই পড়া চোখের ক্ষতি করতে পারে",negative
"বইয়ের অতিরিক্ত ভালোবাসা সামাজিক সম্পর্ককে ক্ষতিগ্রস্ত করতে পারে",negative
"বইয়ের প্রতি মাত্রাতিরিক্ত নির্ভরশীলতা আত্মবিশ্বাস কমাতে পারে",negative
"কিছু বই মানসিক চাপ বৃদ্ধি করতে পারে",negative
"ভুল বই পড়া মনের বিকাশে বাধা হতে পারে",negative
"বই পড়া সময়ের অপচয় হতে পারে যদি তা সঠিকভাবে প্রয়োগ না হয়",negative
"অতিরিক্ত বই পড়া শারীরিক নিষ্ক্রিয়তা বাড়ায়",negative
"বইয়ের কিছু বিষয় আপত্তিকর বা অশ্লীল হতে পারে",negative
"কিছু বইয়ের মাধ্যমে ইতিহাস বিকৃত করা হয়",negative
"বইয়ের অতিরিক্ত ব্যবহার পারিবারিক জীবনকে প্রভাবিত করতে পারে",negative
"কিছু বই মনস্তাত্ত্বিক সমস্যার কারণ হতে পারে",negative
"বই পড়া মাঝে মাঝে কাজ থেকে বিভ্রান্ত করতে পারে",negative
"অতিরিক্ত বই পড়া মানসিক ভারসাম্য হারাতে পারে",negative
"বইয়ে প্রাপ্ত তথ্য সবসময় বাস্তব জীবনে কাজে লাগানো যায় না",negative
"বই কেনা ব্যয়বহুল হতে পারে",negative
"বইয়ের মাধ্যমে নেতিবাচক মতবাদ ছড়ানো হতে পারে",negative
"বই পড়ার ফলে মাঝে মাঝে সামাজিক দায়বদ্ধতা উপেক্ষিত হয়",negative
"অনেক বই পড়া হাতে কলমে কাজ করার দক্ষতা কমায়",negative
"বইয়ের ভিন্ন মতবাদ বিভ্রান্তি সৃষ্টি করতে পারে",negative
"ভুল বই পড়ার ফলে ভুল সিদ্ধান্ত নেয়া হতে পারে",negative
"কিছু বই সময়ের অপচয় হতে পারে",negative
"বইয়ের প্রতি অতিরিক্ত নির্ভরশীলতা চিন্তাশক্তিকে সীমাবদ্ধ করতে পারে",negative
"কিছু বই মানসিক অশান্তি সৃষ্টি করতে পারে",negative
"বইয়ের অতিরিক্ত প্রেম শারীরিক ব্যায়ামের অভাব ঘটাতে পারে",negative
"কিছু বই মনের বিকৃত ধারণা তৈরি করতে পারে",negative
"বইয়ের ভুল তথ্য সামাজিক ক্ষতি করতে পারে",negative
"কিছু বই নির্দিষ্ট সংস্কৃতি বা জাতি সম্পর্কে ভ্রান্ত ধারণা প্রদান করে",negative
"বইয়ের উপর অতিরিক্ত নির্ভরশীলতা ব্যক্তি স্বাধীনতাকে বাধাগ্রস্ত করতে পারে",negative
"বই পড়ার সময় অনেকে বাস্তবিক সমস্যা থেকে দূরে থাকে",negative
"কিছু বই ভুল পথে পরিচালিত করতে পারে",negative
"বইয়ের মাধ্যমে নেতিবাচক রাজনীতির প্রচার হতে পারে",negative
"কিছু বইয়ের লেখক সামাজিক বা ধর্মীয় বিষয়ে বিতর্ক তৈরি করতে পারেন",negative
"বই পড়ার ফলে ব্যক্তিগত জীবনে উদাসীনতা আসতে পারে",negative
"অতিরিক্ত বই পড়া মানসিক চাপ বাড়িয়ে দিতে পারে",negative
"কিছু বই অন্যদের প্রতি ঘৃণা বা সহিংসতার ধারণা দিতে পারে",negative
"বইয়ের কিছু বিষয়বস্তু আবেগপ্রবণ করে তুলতে পারে",negative
"বইয়ের কিছু মতবাদ সংকীর্ণ দৃষ্টিভঙ্গি তৈরি করে",negative
"কিছু বই মিথ্যা ও কল্পিত ধারণা প্রচার করে",negative
"বইয়ের মাধ্যমে কিছু লোক অপ্রয়োজনীয় বা ক্ষতিকর তথ্য পেতে পারে",negative
"বই পড়ার সময় বাস্তবতা উপেক্ষিত হতে পারে",negative
"বইয়ের কিছু তথ্য সাধারণ মানুষের জন্য বোঝা কঠিন হতে পারে",negative
"ভুল বই পড়লে নিজেকে কম গুরুত্বপূর্ণ মনে হতে পারে",negative
"বইয়ের অতিরিক্ত প্রতি আসক্তি পারিবারিক ও সামাজিক জীবনে সমস্যা সৃষ্টি করতে পারে",negative
"বইয়ের অধিক মূল্য সাধারণ মানুষের জন্য একটি প্রতিবন্ধক হতে পারে",negative
"বই পড়া সামাজিক যোগাযোগকে ক্ষতিগ্রস্ত করতে পারে",negative
"কিছু বই প্রযুক্তিগত বা আধুনিক জ্ঞান থেকে দূরে রাখে",negative
"বইয়ের অতিরিক্ত প্রেম শারীরিক সুস্থতায় বাধা হতে পারে",negative
"বই জ্ঞানের উৎস",positive
"বই জ্ঞানের ভাণ্ডার",positive
"বই মানুষের কল্পনাশক্তি বৃদ্ধি করে",positive
"বই মনোযোগ এবং একাগ্রতা বাড়ায়",positive
"বই আত্ম-উন্নয়নে সহায়ক",positive
"বই আমাদের মনকে শান্ত করে",positive
"বই মানসিক চাপ কমাতে সহায়তা করে",positive
"বই ইতিহাসের শিক্ষা দেয়",positive
"বই আমাদের বৈজ্ঞানিক এবং তাত্ত্বিক জ্ঞান উন্নত করে",positive
"বই সংস্কৃতি ও ঐতিহ্য সম্পর্কে শিক্ষা দেয়",positive
"বই নতুন ধারণা এবং উদ্ভাবন প্রেরণা দেয়",positive
"বই ভাষার দক্ষতা বাড়ায়",positive
"বই সৃজনশীলতা বিকাশে সহায়তা করে",positive
"বই সামাজিক মূল্যবোধ শেখায়",positive
"বই জীবনের অর্থ খুঁজতে সাহায্য করে",positive
"বই আমাদের চিন্তা করার ক্ষমতা উন্নত করে",positive
"বই বাস্তবতা এবং কল্পনার মধ্যে ভারসাম্য রক্ষা করে",positive
"বই অভিজ্ঞতা বৃদ্ধি করে",positive
"বই বিভিন্ন সমস্যা সমাধানের উপায় শেখায়",positive
"বই আমাদের অন্তর্দৃষ্টি জাগিয়ে তোলে",positive
"বই আমাদের আত্মবিশ্বাস বাড়ায়",positive
"বই জ্ঞানের গভীরতা বাড়ায়",positive
"বই নতুন দৃষ্টিভঙ্গি প্রদান করে",positive
"বই পড়া সামাজিক পরিবর্তনে সহায়ক",positive
"বই মানুষের নৈতিক শিক্ষা দেয়",positive
"বই মুক্তচিন্তা এবং সমালোচনামূলক চিন্তা বিকাশ করে",positive
"বই আমাদের দৈনন্দিন জীবনকে সহজ করে",positive
"বই আমাদের জীবনের উদ্দেশ্য খুঁজে পেতে সাহায্য করে",positive
"বই পড়া মনোযোগের ক্ষমতা উন্নত করে",positive
"বই পড়া স্মৃতিশক্তি বৃদ্ধিতে সহায়ক",positive
"বই আমাদের মনোজগতকে উদ্দীপিত করে",positive
"বই বিভিন্ন ভাষা শিখতে সহায়তা করে",positive
"বই পড়া নতুন শখের জন্ম দেয়",positive
"বই আত্মবিশ্বাস জাগিয়ে তোলে",positive
"বই বিভিন্ন সংস্কৃতির মানুষদের সম্পর্কে ধারণা দেয়",positive
"বই সামাজিক ও রাজনৈতিক সচেতনতা বাড়ায়",positive
"বই আমাদের গভীর জীবনবোধ শেখায়",positive
"বই দূরবর্তী এবং অনাবিষ্কৃত জগৎ সম্পর্কে জানতে সাহায্য করে",positive
"বই আমাদের নৈতিক আদর্শের বিকাশ ঘটায়",positive
"বই জীবনের বিভিন্ন পর্যায়ে সহায়ক",positive
"বই আমাদের চরিত্র গঠন করে",positive
"বই আমাদের সিদ্ধান্ত গ্রহণের ক্ষমতা বাড়ায়",positive
"বই বিজ্ঞান, প্রযুক্তি এবং উদ্ভাবনের তথ্য সরবরাহ করে",positive
"বই সামাজিক এবং ব্যক্তিগত জীবনে ভারসাম্য আনে",positive
"বই পড়ার মাধ্যমে আমরা নতুন বন্ধু তৈরি করতে পারি",positive
"বই পড়া আত্মার পরিশুদ্ধি ঘটায়",positive
"বই দূরবর্তী স্থান এবং সময়ের কথা জানতে সহায়ক",positive
"বই আত্মবিশ্লেষণের সুযোগ দেয়",positive
"বই বিভিন্ন দৃষ্টিকোণ থেকে সমস্যা দেখতে শেখায়",positive
"বই আমাদের ইচ্ছাশক্তি বাড়ায়",positive
"বই শিক্ষার মূল ভিত্তি",positive
"শেখ হাসিনা বাংলাদেশের রাজনৈতিক ইতিহাসে অন্যতম গুরুত্বপূর্ণ নেতা",positive
"তিনি দীর্ঘ সময় ধরে দেশের নেতৃত্ব দিয়েছেন",positive
"তিনি পদ্মা সেতু নির্মাণের উদ্যোগ নেন, যা দেশের অবকাঠামো উন্নয়নে বড় ভূমিকা রেখেছে",positive
"শেখ হাসিনা নারীর ক্ষমতায়নের পক্ষে কাজ করেছেন",positive
"শেখ হাসিনা বাংলাদেশের ইতিহাস ও সংস্কৃতি সংরক্ষণে কাজ করেছেন",positive
"তিনি বঙ্গবন্ধুর আদর্শ অনুসরণ করে দেশকে পরিচালনা করেছেন",positive
"তার সরকার গ্রামীণ অর্থনীতি শক্তিশালী করার জন্য কাজ করেছে",positive
"জাতিসংঘসহ আন্তর্জাতিক পর্যায়ে বাংলাদেশকে মর্যাদাপূর্ণভাবে উপস্থাপন করেছেন",positive
"তিনি জলবায়ু পরিবর্তন মোকাবিলায় বিশ্বমঞ্চে নেতৃত্ব দিয়েছেন",positive
"শেখ হাসিনা বঙ্গবন্ধু হত্যার বিচার কার্য সম্পন্ন করেছেন",positive
"রোহিঙ্গা সংকট মোকাবিলায় তার ভূমিকা আন্তর্জাতিক মহলে প্রশংসিত হয়েছে",positive
"শেখ হাসিনা গ্রামীণ মহিলাদের আত্মকর্মসংস্থান বৃদ্ধি করতে বিভিন্ন প্রকল্প গ্রহণ করেছেন",positive
"শেখ হাসিনা দারিদ্র্য বিমোচনে গুরুত্বপূর্ণ পদক্ষেপ নিয়েছেন",positive
"তার নেতৃত্বে বাংলাদেশের জিডিপি বৃদ্ধি পেয়েছে",positive
"আন্তর্জাতিক সহযোগিতায় তার উদ্যোগে বাংলাদেশ স্বাস্থ্য খাতে বিশেষ সাফল্য অর্জন করেছে",positive
"তিনি বয়স্ক ও বিধবা ভাতা প্রদানসহ বিভিন্ন সামাজিক নিরাপত্তা কর্মসূচি চালু করেছেন",positive
"তার নেতৃত্বে সামরিক-বেসামরিক সম্পর্ক স্থিতিশীল ছিল",positive
"তার নেতৃত্বে বাংলাদেশে নৌ-বাহিনী ও বিমান-বাহিনী আধুনিকীকরণ হয়েছে",positive
"তিনি সন্ত্রাস ও জঙ্গিবাদ মোকাবিলায় দৃঢ় পদক্ষেপ নিয়েছেন",positive
"শেখ হাসিনা বেসরকারি খাতের উন্নয়নে সহায়তা করেছেন",positive
"তার সরকারের বিরুদ্ধে গণতন্ত্র ক্ষুণ্ণ করার অভিযোগ উঠেছে",negative
"দীর্ঘ সময় ধরে ক্ষমতায় থাকার কারণে সমালোচনা রয়েছে",negative
"বিরোধী দলগুলোকে দমন করার অভিযোগ তার সরকারের বিরুদ্ধে উঠেছে",negative
"তার সরকার মানবাধিকার লঙ্ঘনের অভিযোগে অভিযুক্ত হয়েছে",negative
"বাকস্বাধীনতা সীমিত করার জন্য সমালোচিত হয়েছেন",negative
"বিরোধী দলের ওপর নির্যাতনের অভিযোগ রয়েছে",negative
"তার সরকার বিচার বিভাগের স্বাধীনতায় হস্তক্ষেপ করেছে বলে অভিযোগ রয়েছে",negative
"সাংবাদিকদের উপর দমন-পীড়নের অভিযোগ উঠেছে",negative
"দুর্নীতি দমন কমিশন নিয়ে সমালোচনা রয়েছে",negative
"তার সরকারের আমলে শেয়ার বাজার ধসের অভিযোগ রয়েছে",negative
"বিরোধী দলের নেতাকর্মীদের গ্রেপ্তার নিয়ে সমালোচনা হয়েছে",negative
"র‍্যাব ও পুলিশের ভূমিকা নিয়ে উদ্বেগ প্রকাশ করা হয়েছে",negative
"তার সরকারের আমলে ব্যাংক খাতে দুর্নীতি বেড়েছে বলে অভিযোগ",negative
"তার নেতৃত্বে রাজনৈতিক বিরোধিতা সহ্য করার ক্ষমতা কম বলে সমালোচনা করা হয়েছে",negative
"বিভিন্ন নির্বাচন নিয়ে জালিয়াতির অভিযোগ রয়েছে",negative
"তার সরকার বিচার বিভাগকে নিয়ন্ত্রণ করার অভিযোগে অভিযুক্ত হয়েছে",negative
"সরকারের অদক্ষতা নিয়ে ক্ষোভ রয়েছে",negative
"তার সরকারে স্বজনপ্রীতির অভিযোগ রয়েছে",negative
"শ্রমিক অধিকার লঙ্ঘন নিয়ে আন্তর্জাতিক সমালোচনা হয়েছে",negative
"বিরোধী দলের রাজনৈতিক সমাবেশে বাধা দেওয়ার অভিযোগ রয়েছে",negative
"তার সরকারের সময় সাংবাদিক হত্যা নিয়ে আন্তর্জাতিক উদ্বেগ প্রকাশ করা হয়েছে",negative
"তার সরকারের আমলে শিক্ষাঙ্গনে সংঘর্ষ বেড়েছে",negative
"তিনি রাজনৈতিক প্রতিপক্ষকে নির্যাতন ও নিপীড়নের অভিযোগে অভিযুক্ত",negative
"তার সরকার মুক্তমনা ব্লগারদের ওপর আক্রমণের সঠিক বিচার করতে ব্যর্থ হয়েছে",negative
"রাজনৈতিক মতাদর্শের বিরোধীদের ক্ষেত্রে ন্যায্য বিচারের অভাব রয়েছে",negative
"তার সরকারের আমলে রাজনীতিতে অর্থনৈতিক দুর্নীতি বাড়ার অভিযোগ উঠেছে",negative
"গণমাধ্যমের ওপর নজরদারি বাড়ানোর অভিযোগ রয়েছে",negative
"তার সরকার ধর্মীয় সংখ্যালঘুদের অধিকার রক্ষায় ব্যর্থ হয়েছে বলে সমালোচনা রয়েছে",negative
"সরকারের বিরোধী দলের ওপর অতিরিক্ত বলপ্রয়োগের অভিযোগ উঠেছে",negative
"তার নেতৃত্বে ব্যাংকিং খাত দুর্বল হয়েছে",negative
"বিরোধী দলীয় নেতাদের উপর ভিত্তিহীন মামলা দায়েরের অভিযোগ রয়েছে",negative
"তার সরকারের আমলে সামরিক হস্তক্ষেপ নিয়ে উদ্বেগ রয়েছে",negative
"পরিবেশ সংরক্ষণে তার সরকার যথাযথ ব্যবস্থা নেয়নি বলে অভিযোগ রয়েছে",negative
"তার সরকারের দুর্নীতির কারণে বৈদেশিক বিনিয়োগ বাধাগ্রস্ত হয়েছে",negative
"রোহিঙ্গা সংকট মোকাবিলায় দীর্ঘমেয়াদী পরিকল্পনার অভাব রয়েছে বলে সমালোচনা হয়েছে",negative
"ছাত্রলীগের অপরাধমূলক কর্মকাণ্ড নিয়ে তার সরকারের সমালোচনা হয়েছে",negative
"তার সরকারের নীতিগত সিদ্ধান্তে স্বচ্ছতার অভাব রয়েছে",negative
"বিভিন্ন মেগা প্রকল্পের ব্যয় বৃদ্ধি ও দুর্নীতি নিয়ে উদ্বেগ রয়েছে",negative
"তার সরকারের সময়ে রাজনৈতিক হত্যাকাণ্ড বেড়েছে বলে অভিযোগ উঠেছে",negative
"অনলাইনে বাকস্বাধীনতা সীমিত করার জন্য ডিজিটাল নিরাপত্তা আইন নিয়ে সমালোচনা রয়েছে",negative
"তার সরকার আঞ্চলিক রাজনীতিতে ভারসাম্য রাখতে ব্যর্থ হয়েছে",negative
"বিরোধী দলীয় প্রার্থীদের হয়রানি করার অভিযোগ রয়েছে",negative
"র‍্যাবের কার্যক্রম নিয়ে আন্তর্জাতিক সমালোচনা রয়েছে",negative
"বিরোধী দলের নির্বাচনে অংশগ্রহণে বাধা দেওয়ার অভিযোগ রয়েছে",negative
"দেশের গণতান্ত্রিক প্রতিষ্ঠানের কার্যকারিতা হ্রাস পেয়েছে",negative
"তার সরকারের আমলে স্বাস্থ্যসেবায় অগ্রগতি সত্ত্বেও দুর্নীতির অভিযোগ রয়েছে",negative
"তার নেতৃত্বে আইনের শাসন দুর্বল হয়েছে বলে সমালোচনা রয়েছে",negative
"তার সরকারের সময়ে সরকারি কর্মকর্তাদের ঘুষ ও দুর্নীতির অভিযোগ উঠেছে",negative
"তার সরকার ব্যর্থ শিক্ষানীতি নিয়ে সমালোচিত",negative
"বিরোধী দলের প্রার্থীদের নির্বাচনে অংশগ্রহণে বাধা দেওয়ার অভিযোগ রয়েছে",negative
"বিদ্যুৎ খাতে দুর্নীতি ও অপচয়ের অভিযোগ রয়েছে",negative
"দেশের অনেক এলাকায় এখনো বিদ্যুৎ সরবরাহে ঘাটতি রয়েছে",negative
"বিদ্যুৎ খাতের অনেক প্রকল্প বিলম্বিত হওয়ার অভিযোগ রয়েছে",negative
"লোডশেডিং সমস্যা এখনো পুরোপুরি সমাধান হয়নি",negative
"বিদ্যুৎ উৎপাদনে বেশি খরচ হওয়ায় গ্রাহকদের জন্য বিদ্যুতের দাম বৃদ্ধি পেয়েছে",negative
"বেশিরভাগ বিদ্যুৎ উৎপাদন কেন্দ্রগুলো এখনও কয়লা ও গ্যাসের উপর নির্ভরশীল",negative
"নবায়নযোগ্য শক্তি থেকে উৎপাদন করা বিদ্যুতের পরিমাণ খুবই কম",negative
"বিদ্যুৎ বিতরণ ব্যবস্থায় দুর্বলতা ও অব্যবস্থাপনার অভিযোগ রয়েছে",negative
"বিদ্যুৎ সঞ্চালন লাইনগুলোর অবকাঠামো পুরনো ও অপর্যাপ্ত",negative
"বিদ্যুৎ চুরির কারণে সরকার রাজস্ব হারাচ্ছে",negative
"বিদ্যুৎ উৎপাদনে বেসরকারি খাতের নির্ভরশীলতা বাড়ছে, যা নিয়ন্ত্রণের অভাবে সমস্যা সৃষ্টি করতে পারে",negative
"বিদ্যুৎ খাতের দুর্বল ব্যবস্থাপনার কারণে ঘন ঘন সংযোগ বিচ্ছিন্নতা ঘটে",negative
"গ্রামীণ এলাকায় বিদ্যুৎ পৌঁছালেও সরবরাহের মান কম",negative
"বিদ্যুৎ উৎপাদন কেন্দ্রগুলোতে পরিবেশ দূষণের অভিযোগ রয়েছে",negative
"কিছু বিদ্যুৎ প্রকল্পে অনিয়ম এবং স্বচ্ছতার অভাব রয়েছে",negative
"বিদ্যুতের জন্য বিদেশি জ্বালানির উপর নির্ভরশীলতা বাড়ছে",negative
"বিদ্যুৎ খাতে পিডিবি (পাওয়ার ডেভেলপমেন্ট বোর্ড) এর সঠিক পরিচালনা নিয়ে প্রশ্ন উঠেছে",negative
"সঠিক রক্ষণাবেক্ষণের অভাবে বিদ্যুৎ সরবরাহ লাইনগুলোতে দুর্ঘটনা ঘটছে",negative
"বিদ্যুৎ খাতে সরকারি মনিটরিং দুর্বল বলে অভিযোগ রয়েছে",negative
"বিদ্যুৎ বিলের উচ্চতা সাধারণ জনগণের জন্য আর্থিক চাপ সৃষ্টি করছে",negative
"বিদ্যুৎ উৎপাদনের জন্য জ্বালানি আমদানি খরচ দেশীয় অর্থনীতিতে চাপ সৃষ্টি করছে",negative
"কিছু ক্ষেত্রে প্রাকৃতিক গ্যাসের উপর নির্ভরতা বিদ্যুৎ উৎপাদনে ঝুঁকি তৈরি করেছে",negative
"কয়লা নির্ভর বিদ্যুৎ কেন্দ্রগুলো পরিবেশের জন্য ক্ষতিকর",negative
"নবায়নযোগ্য শক্তি নিয়ে সরকারি উদ্যোগ যথেষ্ট দ্রুতগতিতে বাস্তবায়িত হচ্ছে না",negative
"বিদ্যুৎ খাতে গবেষণা ও উন্নয়নে পর্যাপ্ত বিনিয়োগের অভাব রয়েছে",negative
"দীর্ঘ মেয়াদী বিদ্যুৎ পরিকল্পনা ও কার্যক্রমে সমন্বয়ের অভাব",negative
"নির্দিষ্ট কিছু এলাকায় এখনও নিরবচ্ছিন্ন বিদ্যুৎ সরবরাহ করা সম্ভব হয়নি",negative
"শিল্প খাতে বিদ্যুতের দাম বেশি হওয়ায় উৎপাদন খরচ বেড়ে যাচ্ছে",negative
"সঞ্চালন ও বিতরণ খাতে অদক্ষতা বিদ্যুৎ সরবরাহে বিঘ্ন ঘটাচ্ছে",negative
"বিদ্যুৎ চাহিদা ও উৎপাদন ব্যবস্থার মধ্যে এখনও বড় ফারাক রয়েছে",negative
"বিদ্যুৎ খাত দেশের অর্থনৈতিক প্রবৃদ্ধিতে বড় অবদান রাখছে",positive
"বিদ্যুৎ সরবরাহের উন্নয়ন কৃষি ও শিল্প খাতে সহায়তা করে",positive
"বিদ্যুতের উৎপাদন বৃদ্ধির ফলে দেশের শিল্পায়ন ত্বরান্বিত হচ্ছে",positive
"বিদ্যুৎ সরবরাহ বাড়ায় দেশের গ্রামীণ এলাকায় জীবনমান উন্নত হয়েছে",positive
"বাংলাদেশের বিদ্যুৎ খাত ক্রমাগতভাবে সম্প্রসারিত হচ্ছে",positive
"দেশের সব ঘরে বিদ্যুৎ পৌঁছানোর লক্ষ্যমাত্রা প্রায় পূর্ণ হয়েছে",positive
"নবায়নযোগ্য জ্বালানির ব্যবহারে বিদ্যুৎ খাত পরিবেশবান্ধব হচ্ছে",positive
"সোলার প্যানেলের মাধ্যমে গ্রামীণ ও প্রত্যন্ত অঞ্চলে বিদ্যুৎ পৌঁছে গেছে",positive
"বিদ্যুতের উৎপাদন বৃদ্ধির ফলে শিক্ষাখাতে ই-লার্নিং সহজ হয়েছে",positive
"বিদ্যুতের সহজলভ্যতার ফলে দেশে প্রযুক্তিগত উন্নয়ন হয়েছে",positive
"বিদ্যুৎ খাতে বৈদেশিক বিনিয়োগ বেড়েছে",positive
"প্রাইভেট সেক্টরের অংশগ্রহণ বিদ্যুৎ উৎপাদনে সহায়ক হয়েছে",positive
"দেশে বিদ্যুৎ উৎপাদন কেন্দ্রের সংখ্যা বৃদ্ধি পেয়েছে",positive
"দেশের বিভিন্ন বড় প্রকল্পে বিদ্যুতের চাহিদা পূরণ সহজতর হয়েছে",positive
"বিদ্যুৎ খাতে দক্ষ মানবসম্পদ গড়ে উঠছে",positive
"বিদ্যুৎ খাতে সরকারি উদ্যোগ বাড়ার ফলে কর্মসংস্থান বৃদ্ধি পেয়েছে",positive
"বিদ্যুৎ সরবরাহ অবকাঠামোর উন্নয়ন দেশের সমগ্র জনগোষ্ঠীকে সুবিধা দিয়েছে",positive
"দেশের বিদ্যুৎ সঞ্চালন ও বিতরণ ব্যবস্থায় উন্নতি হয়েছে",positive
"বিদ্যুৎ উৎপাদনে মেগা প্রকল্পগুলো বাস্তবায়িত হয়েছে",positive
"বিদ্যুৎ খাতে উৎপাদন সক্ষমতা দ্বিগুণ করা সম্ভব হয়েছে",positive
"দেশে বর্তমানে লোডশেডিংয়ের হার উল্লেখযোগ্যভাবে কমেছে",positive
"বিদ্যুৎ খাতের সম্প্রসারণ শিল্প ও ব্যবসার প্রসারকে সহায়তা করেছে",positive
"নবায়নযোগ্য শক্তির ব্যবহার বৈশ্বিক জলবায়ু উদ্যোগের সঙ্গে সামঞ্জস্যপূর্ণ",positive
"বিদ্যুৎ খাতে বিনিয়োগকারীদের আকৃষ্ট করতে সরকারের নীতিগত সুবিধা দেওয়া হয়েছে",positive
"বিদ্যুৎ সরবরাহের উন্নয়নের ফলে দেশের বিভিন্ন অঞ্চলে উন্নয়ন প্রকল্প বাস্তবায়িত হচ্ছে",positive
"দেশের গ্রামীণ এলাকাগুলোতে বিদ্যুৎ পৌঁছানোর মাধ্যমে জীবনের মান উন্নত হয়েছে",positive
"উন্নত বিদ্যুৎ সরবরাহের মাধ্যমে ব্যবসা-বাণিজ্যের সুযোগ বৃদ্ধি পেয়েছে",positive
"বিদ্যুৎ খাতে প্রযুক্তিগত আধুনিকায়নের ফলে বিদ্যুৎ চুরি কমানো গেছে",positive
"নবায়নযোগ্য জ্বালানির মাধ্যমে গ্রিন এনার্জির উৎপাদন বৃদ্ধি পেয়েছে",positive
"বিদ্যুৎ উৎপাদন বৃদ্ধি পেয়ে বর্তমানে দেশ বিদ্যুৎ রপ্তানির সক্ষমতা অর্জন করতে যাচ্ছে",positive
"খাদ্য আমাদের বেঁচে থাকার জন্য অপরিহার্য",positive
"পুষ্টিকর খাদ্য আমাদের শরীরকে সুস্থ ও সবল রাখে",positive
"খাদ্য শক্তির প্রধান উৎস",positive
"সুস্বাদু খাদ্য মানসিক প্রশান্তি আনে",positive
"স্বাস্থ্যকর খাদ্য রোগ প্রতিরোধ ক্ষমতা বাড়ায়",positive
"সুষম খাদ্য আমাদের দৈনন্দিন কাজের শক্তি জোগায়",positive
"খাদ্য আমাদের শারীরিক ও মানসিক উন্নয়নে সহায়তা করে",positive
"খাদ্য আমাদের শরীরের কোষগুলো মেরামত করতে সাহায্য করে",positive
"খাদ্য উৎপাদন অর্থনীতির গুরুত্বপূর্ণ অংশ",positive
"স্থানীয় উৎপাদিত খাদ্য আমাদের পরিবেশ রক্ষায় সহায়ক",positive
"খাদ্য আমাদের সংস্কৃতি ও ঐতিহ্যের গুরুত্বপূর্ণ অংশ",positive
"খাদ্য শিল্পে কর্মসংস্থানের সুযোগ তৈরি হয়",positive
"সঠিক খাদ্য গ্রহণ দীর্ঘায়ু হতে সহায়তা করে",positive
"খাদ্যের সঠিক ব্যবস্থাপনা ক্ষুধা দূর করতে সহায়তা করে",positive
"টাটকা এবং জৈব খাদ্য পরিবেশের জন্য উপকারী",positive
"খাদ্য উৎপাদন ও বিতরণের মাধ্যমে সমাজে অর্থনৈতিক স্থিতিশীলতা আসে",positive
"খাদ্য আমাদের সামাজিক ও পারিবারিক সম্পর্ককে সুদৃঢ় করে",positive
"স্বাস্থ্যকর খাদ্য গ্রহণ হৃদরোগের ঝুঁকি কমায়",positive
"খাদ্য আমাদের শারীরিক ও মানসিক বিকাশে গুরুত্বপূর্ণ ভূমিকা পালন করে",positive
"খাদ্য শিল্প বিশ্বব্যাপী বাণিজ্যের এক বড় অংশ",positive
"খাবারের বৈচিত্র্য আমাদের স্বাদ গ্রহণের ক্ষমতা বৃদ্ধি করে",positive
"সুস্থ জীবনযাপনের জন্য সুষম খাদ্য গ্রহণ অপরিহার্য",positive
"খাদ্য আমাদের মানসিক সুস্থতা উন্নত করে",positive
"কৃষি খাতে খাদ্য উৎপাদন কর্মসংস্থান সৃষ্টি করে",positive
"খাদ্য উৎসব এবং পার্বণগুলোর একটি গুরুত্বপূর্ণ অংশ",positive
"খাদ্য আমাদের শরীরের সব ধরনের পুষ্টির চাহিদা পূরণ করে",positive
"খাদ্যপণ্য সংরক্ষণ প্রযুক্তির অগ্রগতি খাদ্য নিরাপত্তা নিশ্চিত করছে",positive
"খাদ্য বিভিন্ন রোগ নিরাময়ে প্রাকৃতিক ওষুধ হিসেবে কাজ করতে পারে",positive
"খাদ্যের মাধ্যমে শরীরের হরমোনের ভারসাম্য রক্ষা হয়",positive
"খাদ্য সঠিকভাবে গ্রহণ করলে স্থূলতা ও অন্যান্য স্বাস্থ্য সমস্যা এড়ানো যায়",positive
"অস্বাস্থ্যকর খাদ্য আমাদের স্বাস্থ্যের জন্য ক্ষতিকর",negative
"খাদ্যের অভাব অপুষ্টির কারণ হতে পারে",negative
"অতিরিক্ত প্রক্রিয়াজাত খাদ্য আমাদের স্বাস্থ্যের জন্য ঝুঁকিপূর্ণ",negative
"অনিয়মিত খাদ্যাভ্যাস হজমের সমস্যার সৃষ্টি করে",negative
"খাদ্য অপচয় একটি বড় সমস্যা",negative
"অধিক পরিমাণে চিনি ও ফ্যাটযুক্ত খাদ্য স্থূলতা সৃষ্টি করে",negative
"খাদ্যে ভেজাল জনস্বাস্থ্যের জন্য মারাত্মক ক্ষতিকর",negative
"অতি মাত্রায় খাবার গ্রহণ হজমের সমস্যা সৃষ্টি করতে পারে",negative
"পুষ্টিহীন খাদ্য শরীরকে দুর্বল করে তোলে",negative
"ফাস্ট ফুড বেশি খাওয়া স্বাস্থ্যের ওপর বিরূপ প্রভাব ফেলে",negative
"খাদ্য নিরাপত্তার অভাবে দরিদ্র মানুষদের জীবনে সংকট দেখা দেয়",negative
"রাসায়নিক কীটনাশকযুক্ত খাদ্য স্বাস্থ্যের জন্য ক্ষতিকর",negative
"অতিরিক্ত তেল ও মসলাযুক্ত খাবার হজমের সমস্যা ও গ্যাস্ট্রিকের কারণ হতে পারে",negative
"খাদ্য উৎপাদনে ক্ষতিকর রাসায়নিক ব্যবহার পরিবেশের ক্ষতি করে",negative
"খাদ্যদ্রব্যের দাম বেড়ে গেলে সমাজে খাদ্য সংকট দেখা দেয়",negative
"অপর্যাপ্ত খাদ্য গ্রহণের ফলে শারীরিক ও মানসিক বিকাশ বাধাগ্রস্ত হয়",negative
"খাদ্যের অনিয়মিত সরবরাহ ক্ষুধা এবং অপুষ্টির ঝুঁকি বাড়ায়",negative
"পচা-বাসি খাবার খেলে খাদ্য বিষক্রিয়া হতে পারে",negative
"খাদ্য আমদানি নির্ভরতা খাদ্য নিরাপত্তায় ঝুঁকি তৈরি করে",negative
"অধিক তাপমাত্রায় রান্না করা খাবার পুষ্টি হারায়",negative
"জলবায়ু পরিবর্তন খাদ্য উৎপাদনে নেতিবাচক প্রভাব ফেলতে পারে",negative
"খাদ্যপ্রক্রিয়াজাতকরণে ব্যবহৃত কৃত্রিম উপাদান শরীরের জন্য ক্ষতিকর",negative
"খাদ্য সংরক্ষণে ব্যবহৃত রাসায়নিক পদার্থ দীর্ঘমেয়াদে স্বাস্থ্যহানির কারণ হতে পারে",negative
"অস্বাস্থ্যকর খাদ্যাভ্যাস ডায়াবেটিস ও হৃদরোগের ঝুঁকি বাড়ায়",negative
"খাদ্যবাহিত রোগ মানবজীবনের জন্য হুমকিস্বরূপ হতে পারে",negative
"প্রোটিন এবং ভিটামিনের অভাবে শরীরে দুর্বলতা ও রোগ প্রতিরোধ ক্ষমতা কমে যায়",negative
"খাদ্য উৎপাদনে অত্যধিক পানির ব্যবহার পরিবেশের ওপর চাপ সৃষ্টি করে",negative
"দারিদ্র্যের কারণে অনেক মানুষ তাদের প্রয়োজনীয় পুষ্টি পায় না",negative
"খাদ্যদ্রব্যের সঠিক পরিবহন ও সংরক্ষণের অভাবে খাদ্য নষ্ট হয়",negative
"খাদ্য সংকট সামাজিক অস্থিরতা এবং দাঙ্গার কারণ হতে পারে",negative
"প্রেম অনেক সময় মানুষের হৃদয় ভেঙে দিতে পারে",negative
"প্রেমের কারণে অনেক মানুষ হতাশ হতে পারে",negative
"প্রেমে বিশ্বাসঘাতকতার অনুভূতি তৈরি হতে পারে",negative
"প্রেমের সম্পর্ক অনেক সময় জটিল ও চাপ সৃষ্টি করে",negative
"প্রেমের কারণে ব্যক্তিগত স্বাধীনতা হ্রাস পায়",negative
"প্রেমের কারণে অবসাদ ও মানসিক চাপ সৃষ্টি হতে পারে",negative
"প্রেমের দ্বন্দ্ব অনেক সময় সম্পর্কের অবনতি ঘটায়",negative
"প্রেমে থাকা ব্যক্তিরা কখনও কখনও একে অপরের ওপর নির্ভরশীল হয়ে যায়",negative
"প্রেমের কারণে মানুষের আবেগে অস্থিরতা আসে",negative
"প্রেমের সম্পর্কের কারণে অশান্তি ও ক্ষতি হতে পারে",negative
"বিচ্ছেদ বা সম্পর্কের সমাপ্তি মানসিকভাবে কষ্টকর",negative
"প্রেমের সম্পর্ক মাঝে মাঝে অসুস্থ সম্পর্কের দিকে যেতে পারে",negative
"প্রেমের প্রতি অতিরিক্ত আবেগীয়তা নেতিবাচক প্রভাব ফেলতে পারে",negative
"প্রেমের কারণে অনেক সময় মানুষের কর্মজীবনে বাধা সৃষ্টি হয়",negative
"সম্পর্কের অশান্তি পারিবারিক সমস্যা সৃষ্টি করতে পারে",negative
"প্রেমে অতিরিক্ত প্রত্যাশা সম্পর্কের জন্য ক্ষতিকর",negative
"প্রেমের কারণে সন্দেহ এবং জ jealousy লাসের সৃষ্টি হয়",negative
"প্রেমের সম্পর্ক মাঝে মাঝে মানুষকে বিচ্ছিন্ন করে",negative
"প্রেমের জন্য কখনও কখনও অপরের অনুভূতিকে অগ্রাহ্য করা হয়",negative
"প্রেমের কারণে বন্ধুদের সাথে সম্পর্কের অবনতি ঘটে",negative
"প্রেমের দোটানা অবসাদ সৃষ্টি করে",negative
"সম্পর্কের ভাঙন মানসিকভাবে বিপর্যস্ত করতে পারে",negative
"প্রেমে থাকা ব্যক্তিরা অনেক সময় পরস্পরের স্বাধীনতা সীমাবদ্ধ করে",negative
"প্রেমের কারণে অনিরাপত্তার অনুভূতি সৃষ্টি হতে পারে",negative
"প্রেমের সম্পর্ক বিচ্ছেদের ফলে নতুন সম্পর্কে প্রবেশ কঠিন হয়",negative
"প্রেমে প্রতারণা হৃদয়ের ক্ষতি করে",negative
"প্রেমের জন্য অনাকাঙ্ক্ষিত চাপ সৃষ্টি হতে পারে",negative
"সম্পর্কের মধ্যে নির্যাতন বা মানসিক অত্যাচার ঘটতে পারে",negative
"প্রেমের প্রতি অত্যধিক নির্ভরতা জীবনকে জটিল করে তোলে",negative
"প্রেমের সম্পর্কের কারণে পরিবারের মধ্যে বিরোধ সৃষ্টি হতে পারে",negative
"প্রেমের জটিলতা কখনও কখনও জীবনকে অশান্ত করে",negative
"সম্পর্কের মধ্যে নিয়ন্ত্রণের অভাব বিবাদ সৃষ্টি করে",negative
"প্রেমের জন্য মানুষের অর্থনৈতিক অবস্থা ক্ষতিগ্রস্ত হতে পারে",negative
"সম্পর্কের জন্য অতিরিক্ত আবেগ নেতিবাচক স্বাস্থ্য প্রভাব ফেলতে পারে",negative
"প্রেমের কারণে অতিরিক্ত মনোযোগ বা জাগরণ সৃষ্টি হতে পারে",negative
"সম্পর্কের সংকট মানসিক দুর্বলতার দিকে নিয়ে যেতে পারে",negative
"প্রেমের কারণে সাধারণ জীবনযাত্রা পরিবর্তিত হয়",negative
"প্রেমের বিচ্ছেদ সামাজিক ও মানসিক চাপ সৃষ্টি করে",negative
"প্রেমে থাকা ব্যক্তিরা কখনও কখনও একে অপরকে বুঝতে ব্যর্থ হয়",negative
"প্রেমের কারণে অব্যক্ত অভিযোগ সম্পর্ককে দূরে সরিয়ে দেয়",negative
"প্রেমের জন্য দীর্ঘমেয়াদী পরিকল্পনা কঠিন হয়ে যায়",negative
"সম্পর্কের সমস্যাগুলো অনেক সময় মীমাংসা করা কঠিন হয়",negative
"প্রেমের কারণে মানুষের মনোযোগ ও ফোকাসের অভাব ঘটে",negative
"সম্পর্কের মধ্যে প্রতিযোগিতা কখনও কখনও নেতিবাচক প্রভাব ফেলে",negative
"প্রেমের কারণে জীবনযাত্রার অন্যান্য দিক উপেক্ষিত হতে পারে",negative
"প্রেমের সম্পর্কের কারণে স্বাস্থ্য সমস্যা বাড়তে পারে",negative
"প্রেমের কারণে অতিরিক্ত আবেগ নিয়ে কাজ করা কঠিন হয়ে পড়ে",negative
"সম্পর্কের অবনতিতে মানসিক স্বাস্থ্যের সমস্যা দেখা দেয়",negative
"প্রেমের কারণে মানুষের মূল্যবোধের পরিবর্তন হতে পারে",negative
"প্রেমের জটিলতায় কখনও কখনও মানুষের জীবন কষ্টকর হয়ে পড়ে",negative
"প্রেম জীবনের একটি সুন্দর অনুভূতি",positive
"প্রেম মানুষকে সুখী করে",positive
"প্রেম জীবনে শক্তি ও উৎসাহের উৎস",positive
"প্রেম মানুষের মধ্যে আন্তরিকতা ও বিশ্বাস তৈরি করে",positive
"প্রেমের মাধ্যমে দুইজন মানুষের মধ্যে গভীর সম্পর্ক গড়ে ওঠে",positive
"প্রেম মানুষকে ইতিবাচকভাবে চিন্তা করতে সাহায্য করে",positive
"প্রেমে থাকা ব্যক্তি সাধারণত স্বাস্থ্যকর জীবনযাপন করে",positive
"প্রেম মানুষের মানসিক চাপ কমাতে সহায়তা করে",positive
"প্রেমের অনুভূতি সৃষ্টি করে শক্তিশালী স্মৃতি",positive
"প্রেমের মাধ্যমে একজন মানুষ তার অপরজনের প্রতি যত্নশীল হয়",positive
"প্রেমের মাধ্যমে নিজেদের মধ্যে যোগাযোগ বৃদ্ধি পায়",positive
"প্রেমে থাকা মানুষরা সাধারণত সুখী ও হাস্যোজ্জ্বল থাকে",positive
"প্রেমের শক্তি মানুষকে নতুন উদ্দীপনা দেয়",positive
"প্রেমের সম্পর্ক মানবিক উন্নয়নকে উৎসাহিত করে",positive
"প্রেমের মাধ্যমে সহানুভূতি ও সমর্থনের একটি পরিবেশ তৈরি হয়",positive
"প্রেম মানুষের আত্মবিশ্বাসকে বৃদ্ধি করে",positive
"প্রেমিক-প্রেমিকারা একে অপরের সাফল্যের জন্য উৎসাহিত করে",positive
"প্রেমের ফলে সামাজিক বন্ধন আরও শক্তিশালী হয়",positive
"প্রেমে থাকা মানুষরা সাধারণত সৃজনশীল হয়ে ওঠে",positive
"প্রেমের সম্পর্ক জীবনকে আরও অর্থবহ করে তোলে",positive
"প্রেমে বিশ্বাসের সাথে সাহসী সিদ্ধান্ত নেওয়া সম্ভব",positive
"প্রেম মানবতা ও নৈতিকতার মূল্যবোধকে উন্নত করে",positive
"প্রেমের সম্পর্কের মাধ্যমে দুইজন মানুষ একে অপরকে বুঝতে শেখে",positive
"প্রেমের মাধ্যমে সুখ ও প্রশান্তি অর্জন করা যায়",positive
"প্রেমের অনুভূতি মানুষকে সংহতি ও সহযোগিতার দিকে পরিচালিত করে",positive
"প্রেম মানুষের জীবনযাত্রা উন্নত করে",positive
"প্রেমের সম্পর্ক ধৈর্য এবং সহনশীলতা শেখায়",positive
"প্রেমের কারণে একে অপরের প্রতি দায়বদ্ধতা বেড়ে যায়",positive
"প্রেমের মাধ্যমে মানুষ নতুন অভিজ্ঞতা অর্জন করে",positive
"প্রেমের সম্পর্ক পরিবার ও সমাজের ভিতর ইতিবাচক পরিবর্তন আনে",positive
"প্রেম আমাদের জীবনকে নতুনভাবে দেখার সুযোগ দেয়",positive
"প্রেমের মাধ্যমে মেধার ও বুদ্ধির সমৃদ্ধি ঘটে",positive
"প্রেমের সম্পর্ক রোমান্টিক মুহূর্ত তৈরি করে",positive
"প্রেম আমাদের জীবনের অসুবিধাগুলোকে মোকাবিলা করতে সাহায্য করে",positive
"প্রেম মানুষের মধ্যে সমতা ও সহমর্মিতা সৃষ্টি করে",positive
"প্রেমের মাধ্যমে আমরা একজনের প্রতি আরও যত্নশীল হতে পারি",positive
"প্রেমের সম্পর্কগুলো আমাদের আবেগের অভিব্যক্তি করতে শেখায়",positive
"প্রেমের কারণে আমরা জীবনকে আরও সুন্দরভাবে উপভোগ করি",positive
"প্রেম মানুষের মাঝে সাহস ও মনোবল জোগায়",positive
"প্রেমের মাধ্যমে অপরের সঙ্গে যোগাযোগ গভীর হয়",positive
"প্রেম জীবনের যাত্রায় আনন্দ ও সৌন্দর্য নিয়ে আসে",positive
"প্রেমে থাকা মানুষরা একে অপরকে সাহায্য করে",positive
"প্রেম আমাদের জীবনের বিভিন্ন রঙে রাঙিয়ে তোলে",positive
"প্রেমের সম্পর্কগুলো দীর্ঘস্থায়ী হয়",positive
"প্রেমে থাকা ব্যক্তিরা সাধারণত দয়ালু ও সহানুভূতিশীল হয়ে ওঠে",positive
"প্রেমের অনুভূতি আমাদের অন্তর্দৃষ্টি উন্নত করে",positive
"প্রেমের মাধ্যমে সুখের মুহূর্তগুলি ভাগাভাগি করা যায়",positive
"প্রেম জীবনকে গঠনমূলক ও ইতিবাচক দিক থেকে পরিচালিত করে",positive
"প্রেম মানুষের সম্পর্কের গভীরতা বৃদ্ধি করে",positive
"প্রেমের মাধ্যমে সম্পর্কগুলো আরও মূল্যবান হয়ে ওঠে",positive
"মোবাইল আমাদের দ্রুত যোগাযোগ করতে সহায়তা করে",positive
"মোবাইল ইন্টারনেট ব্যবহার সহজ করে দিয়েছে",positive
"মোবাইলের মাধ্যমে আমরা যেকোনো সময় তথ্য সংগ্রহ করতে পারি",positive
"মোবাইলের মাধ্যমে ভিডিও কল করা সম্ভব, যা দূরত্ব কমিয়ে আনে",positive
"মোবাইল আমাদের ব্যবসা পরিচালনায় সহায়তা করে",positive
"মোবাইলের অ্যাপ্লিকেশনগুলো শিক্ষা গ্রহণকে সহজ করে দিয়েছে",positive
"মোবাইল আমাদের বিনোদনের একটি মাধ্যম",positive
"মোবাইলের মাধ্যমে আমরা জরুরি পরিস্থিতিতে সহায়তা পেতে পারি",positive
"মোবাইল ব্যবহার করে আমরা ছবি ও ভিডিও ধারণ করতে পারি",positive
"মোবাইলের মাধ্যমে আমরা আমাদের প্রিয়জনদের সঙ্গে সহজে যুক্ত থাকতে পারি",positive
"মোবাইলের মাধ্যমে ডিজিটাল পেমেন্ট এবং লেনদেন দ্রুত করা যায়",positive
"মোবাইল আমাদের রাস্তাঘাট খুঁজে পেতে সাহায্য করে (GPS এর মাধ্যমে)",positive
"মোবাইলের মাধ্যমে সামাজিক যোগাযোগ মাধ্যম ব্যবহার করা সহজ",positive
"মোবাইল আমাদের ক্যালেন্ডার এবং নোটের মাধ্যমে সময়সূচি মনে রাখতে সহায়তা করে",positive
"মোবাইল ব্যবসায়িক ডেটা এবং যোগাযোগ ব্যবস্থাপনায় গুরুত্বপূর্ণ ভূমিকা রাখে",positive
"মোবাইলের মাধ্যমে আমরা স্বাস্থ্য সম্পর্কিত অ্যাপ ব্যবহার করতে পারি",positive
"মোবাইল ব্যবহার করে বিভিন্ন ভাষা শিখা সম্ভব",positive
"মোবাইলের মাধ্যমে আমরা সংবাদ দ্রুত জানতে পারি",positive
"মোবাইলের মাধ্যমে অনলাইনে শিক্ষা গ্রহণ করা সহজ হয়েছে",positive
"মোবাইলের মাধ্যমে সৃজনশীলতা বিকাশ করা সম্ভব",positive
"মোবাইল আমাদের জীবনে কার্যকারিতা বৃদ্ধি করে",positive
"মোবাইলের মাধ্যমে বিভিন্ন দেশের মানুষের সাথে সহজে যোগাযোগ করা যায়",positive
"মোবাইল আমাদের দৈনন্দিন কাজে সময় সাশ্রয় করে",positive
"মোবাইল আমাদের পেশাগত এবং ব্যক্তিগত কাজের ব্যবস্থাপনা সহজতর করে",positive
"মোবাইলের মাধ্যমে আমরা অনলাইন কেনাকাটা করতে পারি",positive
"মোবাইলের মাধ্যমে দ্রুত তথ্য শেয়ার করা যায়",positive
"মোবাইল গেমিং এবং বিনোদনের মাধ্যমে মানসিক চাপ কমায়",positive
"মোবাইলের মাধ্যমে মানুষ সৃজনশীল এবং প্রযুক্তিগত কাজে উদ্বুদ্ধ হয়",positive
"মোবাইল আমাদের সোশ্যাল নেটওয়ার্কিং এবং সম্পর্ক রক্ষা করতে সহায়তা করে",positive
"মোবাইলের মাধ্যমে অনলাইন ব্যাংকিং এবং আর্থিক কাজগুলো দ্রুত সম্পন্ন করা যায়",positive
"মোবাইলের মাধ্যমে ভিডিও কনফারেন্সিং সহজ হয়ে গেছে",positive
"মোবাইলের মাধ্যমে আমরা ভ্রমণের পরিকল্পনা করতে পারি",positive
"মোবাইল থেকে বিভিন্ন অনলাইন কোর্স বা টিউটোরিয়াল করা যায়",positive
"মোবাইলের মাধ্যমে বিভিন্ন অনলাইন টুল ব্যবহার করা সম্ভব",positive
"মোবাইল ব্যবসার প্রসারে সাহায্য করে",positive
"মোবাইল ব্যবহার করে আমরা আমাদের ব্যক্তিগত এবং পেশাগত জীবন ভারসাম্য রাখতে পারি",positive
"মোবাইলের মাধ্যমে বিভিন্ন ধরনের প্রয়োজনীয় অ্যাপ্লিকেশন ব্যবহার করা যায়",positive
"মোবাইল আমাদের জীবনের নানা কাজকে সহজ করে তুলেছে",positive
"মোবাইলের মাধ্যমে দ্রুত যোগাযোগ এবং জরুরি সহায়তা পাওয়া সম্ভব",positive
"মোবাইল আমাদের দৃষ্টিভঙ্গি এবং চিন্তাভাবনায় নতুনত্ব নিয়ে আসে।",positive
"মোবাইলের মাধ্যমে দূরবর্তী কাজ ও শিক্ষার সুযোগ তৈরি হয়েছে",positive
"মোবাইলের মাধ্যমে বিভিন্ন শখ বা নৈপুণ্য চর্চার ভিডিও পাওয়া যায়",positive
"মোবাইল আমাদের বিভিন্ন ভাষায় অনুবাদ করতে সহায়তা করে",positive
"মোবাইল আমাদের মিউজিক শোনা এবং সিনেমা দেখার সুবিধা দেয়",positive
"মোবাইল আমাদের নতুন দক্ষতা অর্জনে সাহায্য করে",positive
"মোবাইল বিজ্ঞাপনের মাধ্যমে ব্যবসার প্রচার এবং প্রসার ঘটাতে সহায়ক",positive
"মোবাইলের মাধ্যমে ক্যামেরা ছাড়াই দারুণ মানের ছবি তোলা যায়",positive
"মোবাইল প্রযুক্তি দ্রুত উন্নত হচ্ছে, যা আমাদের জীবনযাত্রাকে সহজ করছে",positive
"মোবাইলের মাধ্যমে বিভিন্ন ধরনের টাস্ক বা অ্যাপ্লিকেশন স্বয়ংক্রিয় করা যায়",positive
"মোবাইল ব্যবহারে জীবন আরো স্মার্ট এবং কার্যকরী হয়ে উঠেছে",positive
"মোবাইলের অতিরিক্ত ব্যবহার স্বাস্থ্যঝুঁকি সৃষ্টি করে",negative
"মোবাইলের কারণে মানুষ বেশি সময় অপচয় করে",negative
"মোবাইলের অতিরিক্ত ব্যবহার মানসিক চাপ এবং অবসাদ সৃষ্টি করে",negative
"মোবাইলের অতিরিক্ত আসক্তি সম্পর্কের দূরত্ব তৈরি করে",negative
"মোবাইলের কারণে ঘুমের সমস্যা হতে পারে",negative
"মোবাইল ব্যবহারে চোখের সমস্যা বৃদ্ধি পায়",negative
"মোবাইলের কারণে মানুষ ব্যক্তিগত সময় কম পায়",negative
"মোবাইল ডিভাইসের বিকিরণ শরীরের জন্য ক্ষতিকর হতে পারে",negative
"মোবাইলের কারণে দূষণ এবং ই-বর্জ্য বৃদ্ধি পাচ্ছে",negative
"মোবাইল চুরি বা হারিয়ে গেলে ব্যক্তিগত তথ্য চুরির সম্ভাবনা থাকে",negative
"মোবাইলের মাধ্যমে সাইবার অপরাধের ঝুঁকি বাড়ছে",negative
"মোবাইল গেমিং আসক্তি শারীরিক এবং মানসিক সমস্যার কারণ হতে পারে",negative
"মোবাইলের কারণে মানুষ সামাজিক যোগাযোগে কম অংশ নেয়",negative
"মোবাইল থেকে শিশুদের মধ্যে খারাপ আচরণ এবং নৈতিকতার অবনতি ঘটতে পারে",negative
"মোবাইলের কারণে অনলাইনে প্রতারণা এবং হ্যাকিং এর ঝুঁকি বাড়ছে",negative
"মোবাইলের অতিরিক্ত ব্যবহার শিশুদের মানসিক বিকাশে বাধা সৃষ্টি করে",negative
"মোবাইল ব্যবহার গাড়ি চালানোর সময় দুর্ঘটনার ঝুঁকি বাড়ায়",negative
"মোবাইল বিজ্ঞাপন এবং ফেক নিউজ দ্রুত ছড়িয়ে পড়ে",negative
"মোবাইলের কারণে সময়ের অপব্যবহার হয়",negative
"মোবাইলের কারণে মানুষের মস্তিষ্কের উপর বিরূপ প্রভাব পড়তে পারে",negative
"মোবাইলের অতিরিক্ত ব্যবহার সম্পর্কের মধ্যে ভুল বোঝাবুঝি তৈরি করে",negative
"মোবাইলের মাধ্যমে অনাকাঙ্ক্ষিত এবং ক্ষতিকর কনটেন্ট ছড়িয়ে পড়তে পারে",negative
"মোবাইলের কারণে মানসিক এবং আবেগীয় অস্থিতিশীলতা বাড়ে",negative
"মোবাইলের আসক্তি শারীরিক ব্যায়াম এবং আউটডোর কার্যক্রম কমিয়ে দেয়",negative
"মোবাইলের মাধ্যমে ব্যক্তিগত তথ্যের গোপনীয়তা লঙ্ঘিত হতে পারে",negative
"মোবাইল ডিভাইসের দাম বেশি হওয়ায় সবার জন্য সহজলভ্য নয়",negative
"মোবাইলের কারণে কর্মক্ষেত্রে মনোযোগহীনতা সৃষ্টি হতে পারে",negative
"মোবাইলের মাধ্যমে মানুষ সহজেই বাজে অভ্যাসে জড়িয়ে পড়ে",negative
"মোবাইলের বেশি ব্যবহার সমাজের মধ্যে দূরত্ব তৈরি করে",negative
"মোবাইলের কারণে সম্পর্কের মাঝে অতিরিক্ত নজরদারি বা সন্দেহ সৃষ্টি হতে পারে",negative
"মোবাইল গেমিং আসক্তি শিশুদের মেধার বিকাশে বাধা দেয়",negative
"মোবাইলের কারণে অস্থিরতা এবং দুশ্চিন্তা বাড়তে পারে",negative
"মোবাইলের মাধ্যমে বুলিং বা হুমকির মতো পরিস্থিতি তৈরি হতে পারে",negative
"মোবাইলের কারণে পারিবারিক সম্পর্ক নষ্ট হতে পারে",negative
"মোবাইল ডিভাইস হারিয়ে গেলে গুরুত্বপূর্ণ তথ্য হারানোর সম্ভাবনা থাকে",negative
"মোবাইলের মাধ্যমে শিক্ষার্থীরা পড়াশোনায় অনীহা প্রদর্শন করতে পারে",negative
"মোবাইলের কারণে শারীরিক এবং মানসিক ক্লান্তি বৃদ্ধি পায়",negative
"মোবাইল ব্যবহারে দীর্ঘ সময় বসে থাকা শরীরের জন্য ক্ষতিকর",negative
"মোবাইলের মাধ্যমে সামাজিক যোগাযোগ মাধ্যমের নেতিবাচক প্রভাব ছড়িয়ে পড়তে পারে",negative
"মোবাইলের কারণে অতিরিক্ত ব্যক্তিগত তথ্য শেয়ার করা ঝুঁকিপূর্ণ",negative
"মোবাইলের মাধ্যমে অনলাইন ডেটিংয়ে প্রতারণার শিকার হওয়ার সম্ভাবনা থাকে",negative
"মোবাইল ব্যবহার গাড়ি চালানোর সময় মনোযোগ হারানোর ঝুঁকি বাড়ায়",negative
"মোবাইলের মাধ্যমে অপরাধমূলক কার্যক্রম পরিচালিত হতে পারে",negative
"মোবাইলের অতিরিক্ত ব্যবহার শিশুদের শারীরিক স্বাস্থ্যে ক্ষতিকর প্রভাব ফেলে",negative
"মোবাইলের মাধ্যমে অনলাইন কন্টেন্টের প্রতি অতিরিক্ত আসক্তি ঘটে",negative
"মোবাইলের কারণে কাজের দক্ষতা হ্রাস পেতে পারে",negative
"মোবাইল ডিভাইসের কারণে শিশুরা সামাজিকভাবে বিচ্ছিন্ন হয়ে যেতে পারে",negative
"মোবাইলের কারণে সম্পর্কের মধ্যে দৃষ্টি আকর্ষণের সমস্যা তৈরি হয়",negative
"মোবাইল ব্যবহার আমাদের জীবনের অন্যান্য গুরুত্বপূর্ণ বিষয়ে ফোকাস কমিয়ে দেয়",negative
"মোবাইলের কারণে মানুষ সামাজিকভাবে নিঃসঙ্গ বোধ করতে পারে",negative
"বৃষ্টি প্রকৃতির সৌন্দর্য বৃদ্ধি করে",positive
"বৃষ্টির ফলে ফসল উৎপাদন বৃদ্ধি পায়",positive
"বৃষ্টির ফলে বায়ুতে ধূলিকণা কমে যায়",positive
"বৃষ্টির পানি ভূগর্ভস্থ পানির স্তর পূর্ণ করে",positive
"বৃষ্টির মাধ্যমে তাপমাত্রা শীতল হয়",positive
"বৃষ্টির দিনে চা বা কফি উপভোগ করা আনন্দদায়ক",positive
"বৃষ্টির পর প্রকৃতি আরও সবুজ ও সতেজ হয়ে ওঠে",positive
"বৃষ্টি আবহাওয়াকে শীতল ও সজীব করে তোলে",positive
"বৃষ্টির ফলে জলাশয়, নদী ও হ্রদে পানি বৃদ্ধি পায়",positive
"বৃষ্টি অনেক প্রাকৃতিক দুর্যোগ থেকে রক্ষা করে",positive
"বৃষ্টির পর পরিবেশে একটি সুন্দর মাটির গন্ধ তৈরি হয়",positive
"বৃষ্টির ফলে বনের গাছপালা সুস্থ ও সবল থাকে",positive
"বৃষ্টি পশুপাখির জীবনে প্রয়োজনীয়",positive
"বৃষ্টি জমির উর্বরতা বাড়ায়",positive
"বৃষ্টি জীববৈচিত্র্যের উন্নয়নে সাহায্য করে",positive
"বৃষ্টি বায়ুদূষণ কমাতে সাহায্য করে",positive
"বৃষ্টির ফলে বনাঞ্চল শীতল থাকে এবং আগুন লাগার ঝুঁকি কমে",positive
"বৃষ্টির কারণে শহরের রাস্তায় তাপমাত্রা কমে যায়",positive
"বৃষ্টির ফলে কৃষি খাতে পানির সংকট কমে",positive
"বৃষ্টি মাটি ঠান্ডা রাখতে সাহায্য করে",positive
"বৃষ্টির কারণে ফুলের গন্ধ আরও বেশি তীব্র হয়",positive
"বৃষ্টি ফসলের জন্য প্রাকৃতিক সেচের উৎস",positive
"বৃষ্টি আবহাওয়াকে সজীব ও প্রাণবন্ত করে তোলে",positive
"বৃষ্টির ফলে জীবাণু ধ্বংস হয়",positive
"বৃষ্টির ছন্দময় শব্দ মানসিক প্রশান্তি দেয়",positive
"বৃষ্টি জলবায়ুর ভারসাম্য রক্ষা করে",positive
"বৃষ্টির ফলে নদী এবং জলাশয় পরিষ্কার হয়",positive
"বৃষ্টির দিনে বই পড়া বা গান শোনা মনোমুগ্ধকর",positive
"বৃষ্টি পাখিদের জন্য পানির উৎস",positive
"বৃষ্টি পরিবেশকে দূষণমুক্ত করে",positive
"বৃষ্টি আমাদের স্মৃতিময় সময়গুলোর কথা মনে করিয়ে দেয়",positive
"বৃষ্টির ফলে ফল ও সবজি সতেজ হয়",positive
"বৃষ্টি গাছপালার বৃদ্ধিতে সহায়ক",positive
"বৃষ্টির কারণে মানুষের মন ভালো থাকে",positive
"বৃষ্টির ফলে গরম আবহাওয়ায় স্বস্তি আসে",positive
"বৃষ্টির ফলে হ্রদ ও নদী পুণরুজ্জীবিত হয়",positive
"বৃষ্টির পরে রংধনু দেখা যায়, যা প্রকৃতিকে রঙিন করে",positive
"বৃষ্টির দিনে প্রকৃতির মাঝে হাঁটা আরামদায়ক",positive
"বৃষ্টি আমাদের শান্তির বার্তা দেয়",positive
"বৃষ্টির পর ঝকঝকে আকাশ দেখতে মন ভালো করে",positive
"বৃষ্টির ফলে মরুভূমি অঞ্চলে প্রাণের সঞ্চার ঘটে",positive
"বৃষ্টির ফলে নতুন চারাগাছ বেড়ে ওঠে",positive
"বৃষ্টি পরিবেশের আর্দ্রতা ধরে রাখে",positive
"বৃষ্টি প্রাকৃতিক জলের চক্রকে বজায় রাখে",positive
"বৃষ্টির ফলে ফসলের ফলন ভালো হয়",positive
"বৃষ্টি স্থলজ প্রাণীদের জন্য পানির উৎস সরবরাহ করে",positive
"বৃষ্টি আমাদের প্রকৃতির সৌন্দর্য উপভোগ করার সুযোগ দেয়",positive
"বৃষ্টির ফলে বিভিন্ন প্রাণী জল পান করতে পারে",positive
"বৃষ্টি প্রকৃতির ওপর প্রাকৃতিক ফিল্টারের কাজ করে",positive
"বৃষ্টির কারণে মন সজীব ও সতেজ হয়",positive
"অতিরিক্ত বৃষ্টি বন্যার কারণ হতে পারে",negative
"বৃষ্টির কারণে রাস্তায় কাদা জমে যানজট সৃষ্টি হয়",negative
"দীর্ঘ সময় বৃষ্টির কারণে কৃষি জমিতে ক্ষতি হয়",negative
"বৃষ্টির কারণে স্থানে স্থানে পানি জমে যায়",negative
"বৃষ্টির ফলে খোলা জায়গায় কাজ করা কঠিন হয়",negative
"বৃষ্টির কারণে বিদ্যুৎ চলে যায় এবং নানান অসুবিধা সৃষ্টি হয়",negative
"বৃষ্টির সময় বাইরে বের হতে না পারার কারণে কাজের ক্ষতি হয়",negative
"বৃষ্টির কারণে রাস্তা পিচ্ছিল হয়ে দুর্ঘটনার ঝুঁকি বাড়ে",negative
"অতিরিক্ত বৃষ্টির কারণে মাটির ক্ষয় হতে পারে",negative
"বৃষ্টির সময় জলাবদ্ধতা হয়, যা দুর্গন্ধ সৃষ্টি করে",negative
"বৃষ্টির কারণে খেলাধুলা বা আউটডোর কার্যক্রম বন্ধ হয়ে যায়",negative
"বৃষ্টির কারণে ফসল নষ্ট হয়ে কৃষকদের ক্ষতি হয়",negative
"বৃষ্টির পানি ঘরের ছাদ বা জানালা দিয়ে লিক করে",negative
"বৃষ্টির কারণে বাইরে কাপড় শুকানো যায় না",negative
"বৃষ্টির ফলে স্যাঁতস্যাঁতে আবহাওয়া তৈরি হয়",negative
"বৃষ্টির কারণে সড়ক পরিবহন ব্যবস্থা বিঘ্নিত হয়",negative
"দীর্ঘ সময় বৃষ্টি মানুষের মনকে বিষণ্ণ করে তোলে",negative
"বৃষ্টির কারণে নির্মাণকাজ থেমে যায়",negative
"বৃষ্টির ফলে খোলা বাজারের ব্যবসা ক্ষতিগ্রস্ত হয়",negative
"বৃষ্টির কারণে দীর্ঘ যাত্রা বিলম্বিত হয়",negative
"বৃষ্টির পানি নদীতে প্রবাহিত হয়ে মাটির উপরের স্তর ক্ষয় করে",negative
"বৃষ্টির পরে মশা এবং অন্যান্য পোকামাকড় বৃদ্ধি পায়",negative
"বৃষ্টির ফলে ফসলের মাঠে জমে থাকা পানি ফসল নষ্ট করে",negative
"অতিরিক্ত বৃষ্টির কারণে পাহাড় ধস হতে পারে",negative
"বৃষ্টির কারণে অনেক সময় বাঁধ ভেঙে যায়",negative
"বৃষ্টির কারণে মোবাইল ও ইন্টারনেট পরিষেবা ব্যাহত হয়",negative
"বৃষ্টির ফলে ঘরের বাইরে বিভিন্ন কাজ আটকে যায়",negative
"বৃষ্টির কারণে ঘরবাড়ির ভেতর আর্দ্রতা বাড়ে",negative
"বৃষ্টির ফলে গাড়ির চাকা কাদায় আটকে যায়",negative
"বৃষ্টির পানি দূষিত হয়ে বিভিন্ন রোগ ছড়াতে পারে",negative
"বৃষ্টির কারণে আকাশে কালো মেঘের কারণে অন্ধকার দেখা যায়",negative
"বৃষ্টির ফলে অনেক স্থানে পানি নিষ্কাশন সমস্যা হয়",negative
"বৃষ্টির কারণে বিদ্যুৎ সংযোগ বিচ্ছিন্ন হয়ে যায়",negative
"বৃষ্টির ফলে মোবাইল ফোনের সিগন্যাল দুর্বল হয়ে যায়",negative
"বৃষ্টির কারণে জলাবদ্ধ এলাকায় হাঁটা কষ্টকর হয়ে যায়",negative
"বৃষ্টির পর রাস্তার উপর জলাবদ্ধতা দীর্ঘস্থায়ী হতে পারে",negative
"অতিরিক্ত বৃষ্টি পরিবহন ব্যবস্থার ওপর চাপ সৃষ্টি করে",negative
"বৃষ্টির সময় কৃষি জমিতে দীর্ঘস্থায়ী পানি জমা হতে পারে",negative
"বৃষ্টির কারণে শহর এলাকায় ড্রেনেজ সিস্টেম ব্লক হতে পারে",negative
"বৃষ্টির কারণে রাস্তার নিচে থাকা পাইপ ক্ষতিগ্রস্ত হয়",negative
"বৃষ্টির কারণে মাঠে খেলাধুলা করা ঝুঁকিপূর্ণ হয়ে যায়",negative
"বৃষ্টির কারণে পর্বতের ঢালে ধ্বংসাত্মক স্রোত সৃষ্টি হতে পারে",negative
"বৃষ্টির সময় বিদ্যুতের তার ছিঁড়ে পড়ে যেতে পারে",negative
"বৃষ্টির কারণে বায়ুতে আর্দ্রতা বেশি থাকায় অস্বস্তি হয়",negative
"বৃষ্টির ফলে অনেক সময় বাড়ির ছাদে পানি জমে",negative
"বৃষ্টির কারণে ইলেকট্রনিক ডিভাইস ক্ষতিগ্রস্ত হতে পারে",negative
"বৃষ্টির ফলে বিভিন্ন উৎসবে মানুষের উপভোগ ব্যাহত হয়",negative
"বৃষ্টির সময় পর্যটন ব্যবসা ক্ষতিগ্রস্ত হতে পারে",negative
"বৃষ্টির কারণে বাড়তি কাপড় বা জিনিসপত্র ভিজে যায়",negative
"বৃষ্টির ফলে শহরের জলাবদ্ধতা এবং নালা উপচে পড়ার ঘটনা ঘটে",negative
"শীতকালে তাপমাত্রা কম থাকায় স্বস্তিদায়ক আবহাওয়া উপভোগ করা যায়",positive
"শীতকালে বিভিন্ন সুস্বাদু খাবার এবং পানীয় উপভোগ করা যায়",positive
"শীতকালে সকালে কুয়াশার মধ্যে প্রকৃতি সুন্দর দেখায়",positive
"শীতকালে ফ্যাশনের জন্য আলাদা ধরনের পোশাক পরা যায়",positive
"শীতকালে কম ঘাম হয়, যা আরামদায়ক",positive
"শীতকালে হালকা সূর্যের আলো গায়ে মাখতে ভালো লাগে",positive
"শীতকালে ঘরের ভেতর গরম কাপড়ে মোড়া আরামদায়ক অনুভূতি দেয়",positive
"শীতকালে গরম কফি বা চা পান করা আনন্দদায়ক",positive
"শীতকালে ত্বক কম তৈলাক্ত হয়",positive
"শীতকাল শারীরিক কাজের জন্য বেশি উপযোগী, কারণ শরীর কম ক্লান্ত হয়",positive
"শীতকালে ফুলের বাগানগুলো রঙিন ও মনোমুগ্ধকর হয়",positive
"শীতকালে দীর্ঘ সময় ধরে কাজ করা সহজ হয়, কারণ ঘাম হয় না",positive
"শীতকালে খেজুরের রস থেকে গুড় তৈরি হয়",positive
"শীতকাল নতুন সবজি ও ফলের মৌসুম",positive
"শীতকালে ঘরের বাইরে পিকনিক এবং বারবিকিউ আয়োজন করা যায়",positive
"শীতকালে রাতের আকাশের তারাগুলো বেশি স্পষ্ট দেখা যায়",positive
"শীতকালে ঘনিষ্ঠ সম্পর্কের মধ্যে উষ্ণতা ও স্নেহ বাড়ে",positive
"শীতকালে ভ্রমণের জন্য আদর্শ সময়, কারণ আবহাওয়া আরামদায়ক",positive
"শীতকালে ঘন কুয়াশা শহরের দৃশ্যকে রহস্যময় করে তোলে",positive
"শীতকালে বিছানার চাদর বা কম্বলের নিচে ঢুকে থাকা বেশ আরামদায়ক",positive
"শীতকালে রান্নার সময় গরম তাপ সহ্য করা সহজ হয়",positive
"শীতকালে হাঁটাহাঁটি বা দৌড়ানোর জন্য পরিবেশ স্বস্তিদায়ক",positive
"শীতকালে ঘুমের জন্য আদর্শ সময়, কারণ ঠান্ডা আবহাওয়া ঘুম বাড়ায়",positive
"শীতকালে শীতাতপ নিয়ন্ত্রিত ব্যবস্থা ব্যবহার করতে হয় না, যা খরচ কমায়",positive
"শীতকালে সবজির বাজার সস্তা ও প্রচুর পরিমাণে থাকে",positive
"শীতকালে ব্যাকটেরিয়া এবং ভাইরাসের সংক্রমণ কম হয়",positive
"শীতকালে কাজের জায়গায় পরিবেশ ঠান্ডা ও আরামদায়ক থাকে",positive
"শীতকালে ঠান্ডা খাবার খাওয়ার চাইতে গরম খাবার খাওয়ার মজাটা বেশি",positive
"শীতকালে ঘরের মধ্যে পরিবারের সবাই একত্রে সময় কাটানো সহজ হয়",positive
"শীতকালে হিমেল হাওয়া মনকে সতেজ করে",positive
"শীতকালে সূর্যাস্ত এবং সূর্যোদয় দেখতে বেশ সুন্দর",positive
"শীতকালে সকালের নরম কুয়াশা পথচারীদের জন্য বিশেষ এক অনুভূতি দেয়",positive
"শীতকালে ঠান্ডা আবহাওয়ায় আলস্য এবং শীতল অনুভূতি উপভোগ করা যায়",positive
"শীতকাল মানসিক ও শারীরিক বিশ্রামের উপযুক্ত সময়",positive
"শীতকালে শাক-সবজি বেশি পাওয়া যায় এবং সেগুলোর পুষ্টিগুণ বেশি",positive
"শীতকালে তাপমাত্রার কারণে খাবার সংরক্ষণ করা সহজ",positive
"শীতকালে মিষ্টির দোকানগুলোতে বিভিন্ন ধরনের পিঠা পাওয়া যায়",positive
"শীতকালে উষ্ণ জামা কাপড় পরা যায় যা আরামদায়ক",positive
"শীতকালে শীতল বাতাস গায়ে লাগলে প্রাণবন্ত অনুভব হয়",positive
"শীতকালে আগুন পোহানো বা ক্যাম্পফায়ার করা বেশ আনন্দের",positive
"শীতকালে খেলাধুলার সময় কম ঘাম হওয়ায় ক্লান্তি কম হয়",positive
"শীতকালে শরীরের মেটাবলিজম বাড়ে, ফলে শরীরের শক্তি উৎপাদন বৃদ্ধি পায়",positive
"শীতকালে ঠান্ডা আবহাওয়া শরীরের পক্ষে সহনীয়",positive
"শীতকালে বাইরে হাইকিং, স্কেটিং বা স্কিইং এর মত শীতকালীন খেলাধুলা উপভোগ করা যায়",positive
"শীতকালে শারীরিক পরিশ্রমের কাজ করা সহজ হয়",positive
"শীতকালে ফুলের বাগান থেকে বিশেষ ফুল ফুটে",positive
"শীতকালে সবজি ও ফলমূলের স্বাদ তাজা থাকে",positive
"শীতকালে শরীরের অভ্যন্তরীণ তাপমাত্রা স্বাভাবিক থাকে",positive
"শীতকাল প্রকৃতির একান্ত সময়ে শীতলতার অনুভূতি দেয়",positive
"শীতকালে পরিবারের সঙ্গে ঘরোয়া পরিবেশে গরম খাবার উপভোগ করার মজাই আলাদা",positive
"শীতকালে ঠান্ডাজনিত অসুস্থতা যেমন সর্দি, কাশি, ফ্লু বেশি হয়",negative
"শীতকালে ত্বক শুষ্ক ও ফাটা শুরু করে",negative
"শীতকালে রাতে তাপমাত্রা অত্যন্ত কমে গিয়ে অস্বস্তি সৃষ্টি করে",negative
"শীতকালে অনেক মানুষ হাইপোথার্মিয়া এবং ফ্রস্টবাইটের ঝুঁকিতে থাকে",negative
"শীতকালে খোলা জায়গায় কাজ করা কষ্টকর হয়",negative
"শীতকালে রাস্তায় কুয়াশার কারণে দুর্ঘটনার ঝুঁকি বাড়ে",negative
"শীতকালে আলসেমি এবং মনমরা ভাব বৃদ্ধি পায়",negative
"শীতকালে বিদ্যুৎহীন বা দরিদ্র এলাকায় ঠান্ডায় ভোগান্তি হয়",negative
"শীতকালে বেশি জামাকাপড় পরতে হয়, যা অনেক সময় অস্বস্তি সৃষ্টি করে",negative
"শীতকালে ঘুম থেকে উঠতে কষ্ট হয়",negative
"শীতকালে গরম পানির অভাবে গোসল করা কঠিন হয়",negative
"শীতকালে হাঁটাচলা বা ভ্রমণ কষ্টকর হয়ে পড়ে",negative
"শীতকালে বাইরে বেশি সময় থাকা ঝুঁকিপূর্ণ হতে পারে",negative
"শীতকালে দিনের আলো কম পাওয়া যায়, ফলে কাজের সময় কমে যায়",negative
"শীতকালে কাপড় শুকানো কষ্টকর হয়",negative
"শীতকালে মাঠে খেলাধুলা বা অন্যান্য আউটডোর কার্যক্রম কঠিন হয়ে যায়",negative
"শীতকালে গাড়ির ব্যাটারি দ্রুত ক্ষয় হতে পারে",negative
"শীতকালে রাস্তার বরফ বা কুয়াশা গাড়ি চলাচলের জন্য বিপজ্জনক হয়",negative
"শীতকালে শারীরিক কার্যক্রম কমে যায়, ফলে ওজন বাড়তে পারে",negative
"শীতকালে হাঁটাচলা এবং ব্যায়াম করতে অনীহা দেখা দেয়",negative
"শীতকালে অনেক সময় পানির পাইপ জমে যায়",negative
"শীতকালে শুষ্ক বাতাস শ্বাসতন্ত্রের সমস্যা সৃষ্টি করতে পারে",negative
"শীতকালে ঠান্ডার কারণে রোগ প্রতিরোধ ক্ষমতা দুর্বল হয়ে যায়",negative
"শীতকালে চামড়ার পোশাক বা গরম কাপড় ব্যবহারের জন্য অতিরিক্ত খরচ হয়",negative
"শীতকালে ঘরের ভেতর বেশি সময় কাটাতে হয়, ফলে গৃহবন্দী অনুভূতি হয়",negative
"শীতকালে ভোরের কুয়াশা রাস্তায় চলাচল করতে সমস্যা তৈরি করে",negative
"শীতকালে বিভিন্ন এলাকার রাস্তা ও যোগাযোগ ব্যবস্থা বন্ধ হয়ে যেতে পারে",negative
"শীতকালে ঠান্ডার কারণে হাত-পা জমে যায়",negative
"শীতকালে বয়স্ক ও শিশুরা ঠান্ডাজনিত অসুস্থতায় ভোগে",negative
"শীতকালে অনেক সময় জরুরি সেবা বিঘ্নিত হয়",negative
"শীতকালে পোশাক ধোয়া এবং শুকানো সময়সাপেক্ষ",negative
"শীতকালে অনেক উদ্ভিদ এবং ফসলের বৃদ্ধি থেমে যায়",negative
"শীতকালে ঘরের গরম রাখার জন্য অতিরিক্ত খরচ করতে হয়",negative
"শীতকালে কুয়াশা ও ঠান্ডায় গাড়ি চালানো বিপজ্জনক",negative
"শীতকালে মানুষকে বেশি ব্যস্ততা ও কাজের চাপ সামলাতে হয়",negative
"শীতকালে দিনের দৈর্ঘ্য কমে যাওয়ায় সময় কম থাকে",negative
"শীতকালে সাইকেল বা বাইক চালানো ঝুঁকিপূর্ণ হয়ে পড়ে",negative
"শীতকালে বিদ্যুতের চাহিদা বৃদ্ধি পায়",negative
"শীতকালে অনেক মানুষের মানসিক অবসাদ বৃদ্ধি পায়",negative
"শীতকালে পরিবহন খাতে দুর্যোগ সৃষ্টি হতে পারে",negative
"শীতকালে হাড়ের সমস্যা বৃদ্ধি পায়, বিশেষ করে বৃদ্ধদের মধ্যে",negative
"শীতকালে সূর্যালোকের অভাবে ভিটামিন ডি-এর ঘাটতি হয়",negative
"শীতকালে বাইরে বেশি সময় কাটানো স্বাস্থ্যঝুঁকি বাড়ায়",negative
"শীতকালে অনেক সময় প্রাণিকুল অভাবে ভোগে",negative
"শীতকালে খোলা স্থানে ঘুমানো কঠিন হয়ে পড়ে",negative
"শীতকালে অনেক গাছপালা শুকিয়ে যায়",negative
"শীতকালে পাহাড়ি এলাকায় তুষারপাত বিপদজনক হতে পারে",negative
"শীতকালে কর্মব্যস্ততায় তাড়াহুড়া বেশি হয়",negative
"শীতকালে অনেক সময় রাস্তায় বরফ জমে গিয়ে চলাচল ব্যাহত হয়",negative
"শীতকালে অত্যধিক ঠান্ডায় কাজের গতি কমে যায়",negative
"গ্রীষ্মকালে সূর্যের আলোর পরিমাণ বেশি থাকে, যা ভিটামিন ডি-এর উত্স",positive
"গ্রীষ্মে দিন দীর্ঘ হয়, ফলে কাজ করার সময় বেশি পাওয়া যায়",positive
"গ্রীষ্মকাল ফলের মৌসুম, বিশেষ করে আম, কাঁঠাল, তরমুজ পাওয়া যায়",positive
"গ্রীষ্মকালে ভ্রমণের জন্য আবহাওয়া উপযোগী হয়",positive
"গ্রীষ্মে সাঁতার কাটা, সৈকতে যাওয়া এবং আউটডোর খেলাধুলা উপভোগ করা যায়",positive
"গ্রীষ্মে বাতাস শুষ্ক থাকে, ফলে কাপড় দ্রুত শুকায়",positive
"গ্রীষ্মকালে ছুটি উপভোগ করা যায়, যেমন স্কুলের গ্রীষ্মকালীন ছুটি",positive
"গ্রীষ্মে উষ্ণ আবহাওয়ায় হালকা পোশাক পরার সুযোগ থাকে",positive
"গ্রীষ্মকালে বর্ষার জন্য প্রস্তুতি নেওয়া সহজ হয়",positive
"গ্রীষ্মকালে গাছপালা দ্রুত বৃদ্ধি পায়",positive
"গ্রীষ্মে বাইরে বাগান করা সহজ হয়",positive
"গ্রীষ্মকালে খোলা জায়গায় পিকনিক এবং ক্যাম্পিং করতে সুবিধা হয়",positive
"গ্রীষ্মকালে শরীর ঘামার কারণে শরীর থেকে দূষিত পদার্থ বের হয়ে যায়",positive
"গ্রীষ্মকালে সকালের নরম রোদ বেশ আরামদায়ক",positive
"গ্রীষ্মকাল বীজ বপন ও কৃষিকাজের উপযুক্ত সময়",positive
"গ্রীষ্মকালে বিদ্যুতের চাহিদা বাড়লেও সৌরশক্তি উৎপাদনের সুযোগ বেশি থাকে",positive
"গ্রীষ্মকালে শীতল পানীয় এবং আইসক্রিম খাওয়ার মজাই আলাদা",positive
"গ্রীষ্মকালে উৎসব ও মেলা বেশি আয়োজন করা হয়",positive
"গ্রীষ্মকালে রোদে হাঁটা হাড়ের জন্য উপকারী",positive
"গ্রীষ্মে নদীতে বা সমুদ্রে গোসল করা বেশ আরামদায়ক",positive
"গ্রীষ্মকালে সবুজ প্রকৃতি উপভোগ করা যায়",positive
"গ্রীষ্মকালে শীতল পানির ঝর্ণায় গোসল করে প্রশান্তি পাওয়া যায়",positive
"গ্রীষ্মে বাতাস তুলনামূলক হালকা ও শুষ্ক থাকে",positive
"গ্রীষ্মকালে গাছের ছায়ায় বসে আরামদায়ক সময় কাটানো যায়",positive
"গ্রীষ্মকাল অনেক প্রাণীর প্রজননের উপযুক্ত সময়",positive
"গ্রীষ্মকালে বিভিন্ন ধরনের বাহারি ফুল ফুটে",positive
"গ্রীষ্মকালে বিভিন্ন মৌসুমী খেলাধুলা উপভোগ করা যায়",positive
"গ্রীষ্মে সূর্যালোকে দীর্ঘ সময় থাকার ফলে মেজাজ ভালো থাকে",positive
"গ্রীষ্মকালে বিভিন্ন আউটডোর ইভেন্ট আয়োজন করা হয়",positive
"গ্রীষ্মকালে রোদে কাজ করার সময় এনার্জি বেশি পাওয়া যায়",positive
"গ্রীষ্মে গাছের পাতা ঝরা বন্ধ থাকে এবং সবুজ শ্যামল পরিবেশ তৈরি হয়",positive
"গ্রীষ্মকালে নদী ও জলাশয়ের পানি কমে, ফলে কাজ করা সহজ হয়",positive
"গ্রীষ্মকালে শরীরের রক্ত সঞ্চালন বৃদ্ধি পায়",positive
"গ্রীষ্মকালে সূর্যের আলোতে জীবাণু ধ্বংস হয়",positive
"গ্রীষ্মকালে পর্যটন খাত সক্রিয় থাকে এবং ভ্রমণের সুযোগ বেশি থাকে",positive
"গ্রীষ্মে বাইরের খেলার জন্য উপযুক্ত আবহাওয়া থাকে",positive
"গ্রীষ্মকাল ফসল তোলার উপযুক্ত সময়",positive
"গ্রীষ্মকালে দীর্ঘদিন সূর্যের আলো থাকার ফলে বৈদ্যুতিক খরচ কমে",positive
"গ্রীষ্মে প্রাকৃতিক দৃশ্য ও পরিবেশ আরও সুন্দর দেখায়",positive
"গ্রীষ্মকালে পাহাড় ও সমুদ্রের ভ্রমণ উপভোগ করা যায়",positive
"গ্রীষ্মকাল নানা ধরনের শাকসবজি ও ফলমূলের জন্য পরিচিত",positive
"গ্রীষ্মকালে তাপমাত্রা বাড়লেও উপযুক্ত ব্যবস্থা নিলে আরাম পাওয়া যায়",positive
"গ্রীষ্মকালে ফ্রিজের ঠান্ডা পানীয় উপভোগ করা যায়",positive
"গ্রীষ্মকালে সূর্যালোক ত্বকের জন্য উপকারী, তবে সংরক্ষণের প্রয়োজন",positive
"গ্রীষ্মকালে ঘাম কমাতে ঠান্ডা পানিতে গোসল করার মজা পাওয়া যায়",positive
"গ্রীষ্মকাল নানা সামাজিক আয়োজনের জন্য উপযুক্ত সময়",positive
"গ্রীষ্মকালে কৃষকদের জন্য ফসলের ভালো সময়",positive
"গ্রীষ্মকালে উদ্ভিদ দ্রুত বেড়ে ওঠে",positive
"গ্রীষ্মকালে বায়ুপ্রবাহ সচল থাকে, যা স্বাস্থ্যকর",positive
"গ্রীষ্মকালে সমুদ্র সৈকতে সময় কাটানো যায়",positive
"গ্রীষ্মকালে তীব্র গরমে শরীরের পানি শূন্যতা দেখা দেয়",negative
"গ্রীষ্মে অতিরিক্ত ঘাম হওয়ার কারণে অস্বস্তি হয়",negative
"গ্রীষ্মকালে বিদ্যুতের ব্যবহার বৃদ্ধি পায়, ফলে লোডশেডিং হতে পারে",negative
"গ্রীষ্মকালে গরমে কাজ করা কষ্টকর হয়",negative
"গ্রীষ্মকালে হিটস্ট্রোকের ঝুঁকি থাকে",negative
"গ্রীষ্মকালে ত্বক পুড়ে যাওয়ার আশঙ্কা থাকে",negative
"গ্রীষ্মকালে ফসলের ক্ষতির আশঙ্কা বেশি থাকে",negative
"গ্রীষ্মকালে রাতে ঘুমাতে সমস্যা হয়",negative
"গ্রীষ্মকালে সূর্যের অতিরিক্ত তাপমাত্রার কারণে ত্বকের রোগ বৃদ্ধি পায়",negative
"গ্রীষ্মকালে খাবার দ্রুত নষ্ট হয়ে যায়",negative
"গ্রীষ্মকালে ধূলিকণা ও ধোঁয়ার কারণে বায়ুদূষণ বাড়ে",negative
"গ্রীষ্মে অতিরিক্ত তাপের কারণে রাস্তায় পিচ গলে যায়",negative
"গ্রীষ্মকালে শুষ্ক মাটির কারণে গাছপালা শুকিয়ে যায়",negative
"গ্রীষ্মকালে শরীরে অতিরিক্ত ক্লান্তি এবং অবসাদ আসে",negative
"গ্রীষ্মকালে শারীরিক পরিশ্রমের পর তৃষ্ণা বেড়ে যায়",negative
"গ্রীষ্মকালে তীব্র গরমে খাদ্যের মান খারাপ হয়",negative
"গ্রীষ্মকালে বিদ্যুতের চাহিদা বৃদ্ধি পায়, ফলে খরচ বেড়ে যায়",negative
"গ্রীষ্মকালে পরিবেশে উত্তাপ বাড়লে মানসিক চাপও বেড়ে যায়",negative
"গ্রীষ্মকালে ঘরের ভেতরে অতিরিক্ত তাপমাত্রার কারণে অস্বস্তি হয়",negative
"গ্রীষ্মকালে যানজটে তাপমাত্রার কারণে অসুস্থতা দেখা দেয়",negative
"গ্রীষ্মকালে মশা, মাছি এবং পোকামাকড়ের উপদ্রব বাড়ে",negative
"গ্রীষ্মকালে শারীরিক কর্মক্ষমতা কমে যায়",negative
"গ্রীষ্মকালে রোদে বেশি সময় থাকা স্বাস্থ্যের জন্য ক্ষতিকর",negative
"গ্রীষ্মকালে গাড়ির ইঞ্জিন দ্রুত গরম হয়ে যায়",negative
"গ্রীষ্মকালে অধিক তাপের কারণে রাস্তায় পানি জমা হয় না, যা তাপমাত্রা বাড়ায়",negative
"গ্রীষ্মে জনস্বাস্থ্য সংকট দেখা দেয়, যেমন ডায়রিয়া ও পানিশূন্যতা",negative
"গ্রীষ্মকালে জ্বালানি খরচ বেড়ে যায়",negative
"গ্রীষ্মকালে বিদ্যুতের চাহিদা বেড়ে গেলে লোডশেডিং হতে পারে",negative
"গ্রীষ্মকালে ঘরে বা অফিসে অতিরিক্ত ফ্যান বা এসি ব্যবহার করতে হয়",negative
"গ্রীষ্মকালে মশার কামড় থেকে ম্যালেরিয়া বা ডেঙ্গুর ঝুঁকি বাড়ে",negative
"গ্রীষ্মকালে পর্যাপ্ত বিশ্রাম না নিলে শারীরিক অবসাদ দেখা দেয়",negative
"গ্রীষ্মকালে গাছের পাতায় পানি কম থাকে, ফলে ফসলের ক্ষতি হয়",negative
"গ্রীষ্মকালে ফসলের মাটির উপরিভাগ শুষ্ক হয়ে যায়",negative
"গ্রীষ্মকালে বেশিরভাগ জায়গায় পানির সংকট দেখা দেয়",negative
"গ্রীষ্মকালে ত্বকে বিভিন্ন ধরনের ফুসকুড়ি বা ঘামাচি হয়",negative
"গ্রীষ্মে শিশুরা খেলতে গিয়ে দ্রুত ক্লান্ত হয়ে পড়ে",negative
"গ্রীষ্মকালে গাড়ি চালানো ঝুঁকিপূর্ণ হতে পারে, বিশেষত দূরপাল্লায়",negative
"গ্রীষ্মকালে ঠান্ডা খাবার খেলে গলার সমস্যা হতে পারে",negative
"গ্রীষ্মকালে পাখি এবং প্রাণিকুলের জন্য পানি এবং খাদ্যের সংকট দেখা দেয়",negative
"গ্রীষ্মকালে বৃষ্টি না হলে খরার আশঙ্কা থাকে",negative
"গ্রীষ্মে হিটওয়েভের কারণে ফসলের ব্যাপক ক্ষতি হতে পারে",negative
"গ্রীষ্মকালে তীব্র তাপের কারণে বিদ্যুৎ সরবরাহে বিঘ্ন ঘটে",negative
"গ্রীষ্মকালে সরাসরি রোদে হাঁটলে শরীরের পানি শূন্যতা হতে পারে",negative
"গ্রীষ্মকালে বিভিন্ন শারীরিক সমস্যা যেমন অ্যালার্জি ও সানবার্ন বেড়ে যায়",negative
"গ্রীষ্মকালে সড়কে চলাচল ঝুঁকিপূর্ণ হয়ে পড়ে, বিশেষত ধুলাবালির কারণে",negative
"গ্রীষ্মকালে পানি ধরে রাখার ক্ষমতা কমে যায়",negative
"গ্রীষ্মকালে গৃহপালিত প্রাণীদের জন্য বাড়তি যত্নের প্রয়োজন হয়",negative
"গ্রীষ্মকালে গরম বাতাসে শুকিয়ে যাওয়া ত্বক ও চুলে ক্ষতি হয়",negative
"গ্রীষ্মকালে কর্মজীবী মানুষের ক্লান্তি ও অবসাদ বৃদ্ধি পায়",negative
"গ্রীষ্মকালে শিশুদের খেলাধুলা ও শিক্ষায় ক্ষতি হয়, কারণ গরমে বেশি সময় বাইরে থাকা কঠিন",negative
"যৌথ পরিবারে পারস্পরিক সহযোগিতা ও সহমর্মিতা থাকে",positive
"পরিবারে সব সদস্য একে অপরের সহায়তায় থাকে, যা সংকটকালীন সময়ে সহায়ক",positive
"বয়স্ক ও অভিজ্ঞ সদস্যদের কাছ থেকে মূল্যবান পরামর্শ পাওয়া যায়",positive
"শিশুদের দেখভালের জন্য সবসময় বয়স্ক সদস্যদের সাহায্য পাওয়া যায়",positive
"যৌথ পরিবারে একসঙ্গে সময় কাটানো ও বন্ধন সুদৃঢ় হয়",positive
"যৌথ পরিবারে খরচ ভাগাভাগি হওয়ায় আর্থিক চাপ কম থাকে",positive
"পরিবারের সদস্যদের মধ্যে দায়িত্ববোধ ও কর্তব্যশীলতা তৈরি হয়",positive
"পরিবারের সদস্যদের মধ্যে সম্পর্ক ভালো থাকে এবং মানসিক সুরক্ষা মেলে",positive
"যৌথ পরিবারে শিশুরা সামাজিক মূল্যবোধ শিখতে পারে",positive
"যৌথ পরিবারে ছোটদের শিক্ষা ও আদর্শ শেখানোর সহজ উপায় থাকে",positive
"বিপদ বা অসুস্থতার সময় দ্রুত সাহায্য পাওয়া যায়",positive
"যৌথ পরিবারে একসঙ্গে থাকার ফলে একাকিত্বের শঙ্কা কম থাকে",positive
"পারিবারিক সমস্যা বা দ্বন্দ্বের দ্রুত সমাধান করা যায়",positive
"পরিবারে সবাই মিলে বিভিন্ন সাংস্কৃতিক ও সামাজিক অনুষ্ঠান পালন করা হয়",positive
"যৌথ পরিবারে মূল্যবোধ এবং নৈতিকতা শেখার সুযোগ থাকে",positive
"একে অপরের দায়িত্ব ভাগাভাগি করায় কাজের চাপ কমে যায়",positive
"যৌথ পরিবারে সন্তানদের সঠিক লালন-পালনের সুবিধা থাকে",positive
"পরিবারের সদস্যদের সাফল্য ও উন্নতিতে গর্ব অনুভব করা যায়",positive
"যৌথ পরিবারে আয়ের উৎস বেশি হলে আর্থিক নিরাপত্তা থাকে",positive
"যৌথ পরিবারে অভিজ্ঞতার আদান-প্রদান সহজ হয়",positive
"যৌথ পরিবারে একে অপরের প্রতি দায়িত্ববোধ বাড়ে",positive
"যৌথ পরিবারে পারস্পরিক সমর্থন থাকলে জীবনের ঝুঁকি কম থাকে",positive
"পরিবারে সব সদস্য একসঙ্গে থাকলে বাড়তি সুরক্ষার অনুভূতি মেলে",positive
"যৌথ পরিবারে দায়িত্ব ভাগ করে নেওয়ার ফলে মানসিক চাপ কম থাকে",positive
"যৌথ পরিবারে শিক্ষণীয় দৃষ্টান্ত স্থাপন করতে সহজ হয়",positive
"যৌথ পরিবারে আত্মিক সম্পর্ক মজবুত হয়",positive
"যৌথ পরিবারে পরিবার সদস্যদের মধ্যে নির্ভরযোগ্যতা বেশি থাকে",positive
"যৌথ পরিবারে সবাই মিলে একসঙ্গে খাওয়ার মজা পাওয়া যায়",positive
"যৌথ পরিবারে অর্থনৈতিক সংকট সহজে মোকাবিলা করা যায়",positive
"যৌথ পরিবারে ছোটদের জন্য সঠিক শিক্ষা ও মানসিক বিকাশ সম্ভব",positive
"যৌথ পরিবারে পরস্পরের সঙ্গে মন খুলে কথা বলার সুযোগ থাকে",positive
"যৌথ পরিবারে সিদ্ধান্ত নেওয়ার সময় সব সদস্যের মতামত মূল্যায়ন করা হয়",positive
"যৌথ পরিবারে আয়ের পাশাপাশি খরচ ভাগ করে নেওয়ার সুবিধা থাকে",positive
"যৌথ পরিবারে সব সদস্য একে অপরের সুখ-দুঃখে পাশে থাকে",positive
"যৌথ পরিবারে সব বয়সের মানুষের সঙ্গে সময় কাটানোর সুযোগ থাকে",positive
"যৌথ পরিবারে বিভিন্ন উৎসব ও অনুষ্ঠানে আনন্দের মাত্রা বেড়ে যায়",positive
"যৌথ পরিবারে পারস্পরিক নির্ভরশীলতা ও আত্মবিশ্বাস বৃদ্ধি পায়",positive
"যৌথ পরিবারে একসঙ্গে বাচ্চাদের আদর্শ গড়ে তোলার পরিবেশ থাকে",positive
"যৌথ পরিবারে প্রতিদিনের কাজ ভাগ করে নেওয়া যায়",positive
"যৌথ পরিবারে পারিবারিক ঐতিহ্য ও সংস্কৃতি রক্ষা করা সহজ হয়",positive
"যৌথ পরিবারে সন্তানের উপর নজরদারি রাখা সহজ হয়",positive
"যৌথ পরিবারে অনেক ধরনের জ্ঞান ও দক্ষতা অর্জনের সুযোগ থাকে",positive
"যৌথ পরিবারে সব সদস্যের সমান অধিকার থাকে",positive
"যৌথ পরিবারে সমস্যাগুলো আলোচনা ও সমাধানের সুযোগ পাওয়া যায়",positive
"যৌথ পরিবারে সমবেত আয়ের কারণে আর্থিক স্থিতিশীলতা পাওয়া যায়",positive
"যৌথ পরিবারে সব বয়সী সদস্যের প্রতি যত্ন নেওয়া হয়",positive
"যৌথ পরিবারে মূল্যবোধ এবং পারিবারিক বন্ধন দৃঢ় থাকে",positive
"যৌথ পরিবারে অনিশ্চিত সময়েও সুরক্ষা ও সমর্থন পাওয়া যায়",positive
"যৌথ পরিবারে পারস্পরিক বিশ্বাস ও আস্থা বাড়ে",positive
"যৌথ পরিবারে সদস্যদের মধ্যে মানসিক সমর্থন বৃদ্ধি পায়",positive
"যৌথ পরিবারে ব্যক্তিগত গোপনীয়তা বজায় রাখা কঠিন",negative
"পরিবারের সদস্যদের মধ্যে মতপার্থক্য তৈরি হতে পারে",negative
"যৌথ পরিবারে সিদ্ধান্ত নেওয়ার ক্ষেত্রে জটিলতা থাকতে পারে",negative
"পরিবারের সদস্যদের দায়িত্ববণ্টন নিয়ে বিরোধ হতে পারে",negative
"যৌথ পরিবারে সব সদস্যের প্রয়োজন মেটানো চ্যালেঞ্জিং হতে পারে",negative
"যৌথ পরিবারে অর্থনৈতিক সমস্যার কারণে মানসিক চাপ সৃষ্টি হয়",negative
"যৌথ পরিবারে একজন সদস্যের ভুলের জন্য পুরো পরিবারকে ভুগতে হতে পারে",negative
"যৌথ পরিবারে পারিবারিক সমস্যা সমাধানে সময় বেশি লাগে",negative
"যৌথ পরিবারে সব সদস্যের স্বাধীনতা সীমিত হয়",negative
"যৌথ পরিবারে পারস্পরিক দ্বন্দ্ব ও প্রতিযোগিতা বাড়তে পারে",negative
"যৌথ পরিবারে বিভিন্ন প্রজন্মের মানসিকতার পার্থক্য দেখা দেয়",negative
"যৌথ পরিবারে সব সদস্যের মতামত মানিয়ে চলা কঠিন হতে পারে",negative
"যৌথ পরিবারে ব্যক্তিগত ইচ্ছা-অনিচ্ছা সম্মান না পাওয়ার সম্ভাবনা থাকে",negative
"যৌথ পরিবারে সদস্যদের মধ্যে অপ্রয়োজনীয় হস্তক্ষেপ হতে পারে",negative
"যৌথ পরিবারে ব্যক্তিগত কাজের স্বাধীনতা সীমিত হতে পারে",negative
"যৌথ পরিবারে আয়ের সঠিক বণ্টন না হলে সমস্যা তৈরি হতে পারে",negative
"যৌথ পরিবারে কারও আর্থিক দুর্বলতা পুরো পরিবারের উপর চাপ সৃষ্টি করতে পারে",negative
"যৌথ পরিবারে সদস্যদের মধ্যে আত্মনির্ভরশীলতা কমে যেতে পারে",negative
"যৌথ পরিবারে ব্যক্তিগত উন্নতি ও স্বাধীনতার পথ বাঁধাগ্রস্ত হতে পারে",negative
"যৌথ পরিবারে সদস্যদের মধ্যে সম্পর্কের জটিলতা বাড়তে পারে",negative
"যৌথ পরিবারে কোনো একজনের ভুলে পুরো পরিবার বিপদে পড়তে পারে",negative
"যৌথ পরিবারে নৈতিক বা আদর্শগত বিরোধ দেখা দিতে পারে",negative
"যৌথ পরিবারে ব্যক্তিগত মতামত প্রকাশের সুযোগ সীমিত হতে পারে",negative
"যৌথ পরিবারে একটি ছোট সমস্যাও বড় আকার ধারণ করতে পারে",negative
"যৌথ পরিবারে ব্যাক্তিগত গোপনীয়তা ক্ষুণ্ন হতে পারে",negative
"যৌথ পরিবারে সব সদস্যের জন্য সমান সুযোগ নিশ্চিত করা কঠিন",negative
"যৌথ পরিবারে একসঙ্গে বসবাসের ফলে পারস্পরিক শত্রুতা তৈরি হতে পারে",negative
"যৌথ পরিবারে সদস্যদের মধ্যে ব্যক্তিগত স্বাধীনতা কম অনুভূত হতে পারে",negative
"যৌথ পরিবারে আর্থিক অসমতা এবং অস্বচ্ছতা সৃষ্টি হতে পারে",negative
"যৌথ পরিবারে দায়িত্ববণ্টনে অসন্তোষ দেখা দিতে পারে",negative
"যৌথ পরিবারে ছোটবড় সমস্যা নিয়ন্ত্রণের বাইরে চলে যেতে পারে",negative
"যৌথ পরিবারে সদস্যদের মধ্যে অহেতুক প্রতিযোগিতা ও ঈর্ষা হতে পারে",negative
"যৌথ পরিবারে নিজস্ব সিদ্ধান্ত গ্রহণের ক্ষেত্রে বাধা তৈরি হয়",negative
"যৌথ পরিবারে দায়িত্ব না পালনের কারণে পারিবারিক কলহ সৃষ্টি হতে পারে",negative
"যৌথ পরিবারে শিক্ষাগত এবং কর্মজীবনের ক্ষেত্রে ব্যক্তিগত উন্নতি বাধাগ্রস্ত হতে পারে",negative
"যৌথ পরিবারে মানসিক চাপ ও দুঃশ্চিন্তার মাত্রা বেশি হতে পারে",negative
"যৌথ পরিবারে বয়স্কদের জন্য অতিরিক্ত দায়িত্ব ও চাপ সৃষ্টি হতে পারে",negative
"যৌথ পরিবারে একজনের ব্যর্থতা পুরো পরিবারের ওপর প্রভাব ফেলতে পারে",negative
"যৌথ পরিবারে সন্তানদের এককভাবে নিয়ন্ত্রণ করা কঠিন হতে পারে",negative
"যৌথ পরিবারে ব্যক্তিগত উদ্যোগের স্বাধীনতা সীমিত হতে পারে",negative
"যৌথ পরিবারে ব্যক্তিগত কাজের পরিসর কমে যায়",negative
"যৌথ পরিবারে ভিন্ন মতের কারণে পারিবারিক সম্প্রীতি নষ্ট হতে পারে",negative
"যৌথ পরিবারে সদস্যদের মধ্যে অতিরিক্ত নির্ভরশীলতা সৃষ্টি হতে পারে",negative
"যৌথ পরিবারে ব্যক্তিগত সম্পর্ক ও বন্ধনের মান বজায় রাখা কঠিন হয়",negative
"যৌথ পরিবারে সদস্যদের মধ্যে অভ্যন্তরীণ দ্বন্দ্ব তৈরি হতে পারে",negative
"যৌথ পরিবারে কর্মজীবন ও ব্যক্তিগত জীবনের ভারসাম্য বজায় রাখা কঠিন",negative
"যৌথ পরিবারে পরিবারের সদস্যদের মধ্যে আন্তঃনির্ভরশীলতা বাধা সৃষ্টি করতে পারে",negative
"যৌথ পরিবারে সিদ্ধান্ত নেওয়ার ক্ষেত্রে বিলম্ব হতে পারে",negative
"যৌথ পরিবারে আর্থিক ও মানসিক চাপের কারণে কলহ সৃষ্টি হতে পারে",negative
"ব্যায়াম ক্যালোরি বার্ন করে ওজন কমাতে সহায়ক",positive
"নিয়মিত ব্যায়াম পেশী শক্তিশালী করে",positive
" ব্যায়াম শরীরের রোগ প্রতিরোধ ক্ষমতা বাড়ায়",positive
" উচ্চ রক্তচাপ কমাতে সহায়ক",positive
"ব্যায়াম হার্টের কার্যক্ষমতা বাড়ায়",positive
"বিশেষ করে বয়স বাড়ার সাথে সাথে হাড়ের ক্ষয় রোধে সহায়ক",positive
"নিয়মিত ব্যায়াম দেহের অতিরিক্ত মেদ ঝরাতে সহায়তা করে",positive
"ব্যায়াম শারীরিক সহ্যশক্তি বাড়ায়",positive
"ঘাম শরীর থেকে বিষাক্ত পদার্থ বের করে দেয়",positive
"নিয়মিত ব্যায়াম গভীর এবং শান্তির ঘুম আনতে সহায়ক",positive
"ব্যায়াম রক্ত সঞ্চালন বৃদ্ধি করে ত্বকের রং উজ্জ্বল করে",positive
"ব্যায়াম শরীরের জয়েন্টগুলো নমনীয় করে",positive
"শরীরকে ফিট ও এনার্জেটিক রাখে",positive
" ব্যায়াম করার ফলে রক্ত সঞ্চালন দ্রুত হয়",positive
"নিয়মিত ব্যায়াম শরীরকে সঠিক আকার ও কাঠামো দেয়",positive
"ব্যায়াম খারাপ কোলেস্টেরল কমাতে সাহায্য করে",positive
"নিয়মিত ব্যায়াম জয়েন্টের ব্যথা এবং বাতের ঝুঁকি কমায়",positive
"ব্যায়াম হাড়ের ঘনত্ব বাড়াতে সহায়ক",positive
"নিয়মিত ব্যায়াম শরীরকে শক্তিশালী করে",positive
"য়াম ফুসফুসের কার্যক্ষমতা বৃদ্ধি করে",positive
" ব্যায়াম মানসিক চাপ দূর করতে সহায়ক",positive
"ব্যায়াম মস্তিষ্কে এন্ডোরফিন হরমোন বাড়িয়ে মনকে ভালো রাখে",positive
"ব্যায়াম মনোযোগ বাড়াতে এবং স্মৃতিশক্তি উন্নত করতে সহায়ক",positive
"নিয়মিত ব্যায়াম শারীরিক ফিটনেস এবং আত্মবিশ্বাস বাড়ায়",positive
"ব্যায়াম মস্তিষ্ককে তীক্ষ্ণ করে",positive
"মানসিক উদ্বেগ দূর করতে সহায়ক",positive
"ব্যায়াম ডিপ্রেশন হ্রাস করতে সাহায্য করে",positive
"মানসিক শক্তি এবং সৃজনশীলতা বৃদ্ধি পায়",positive
"নিয়মিত ব্যায়াম শরীরের প্রতি ভালোবাসা ও যত্ন বাড়ায়",positive
"শারীরিক ব্যায়াম মানসিক শক্তি তৈরি করে যা চ্যালেঞ্জ নিতে সহায়ক",positive
" নিয়মিত ব্যায়াম মাথাব্যথা কমাতে সহায়ক",positive
"শরীরচর্চা মনকে ইতিবাচক রাখে",positive
"ব্যায়াম দীর্ঘমেয়াদি লক্ষ্যে পৌঁছাতে ধৈর্যশক্তি দেয়",positive
"ব্যায়াম স্নায়ুতন্ত্রকে সক্রিয় করে",positive
"নিয়মিত ব্যায়াম মস্তিষ্কে সেরোটোনিন বাড়িয়ে বিষন্নতা কমায়",positive
"ব্যায়াম গ্রুপে করলে পারস্পরিক সম্পর্ক উন্নত হয়",positive
"নিয়মিত ব্যায়াম জীবনকে উদ্দীপিত করে",positive
"শরীর ও মনকে কঠিন পরিস্থিতিতে সহনশীল করে",positive
"নিয়মিত ব্যায়াম শারীরিক এবং মানসিক শক্তি বাড়িয়ে কাজের দক্ষতা বাড়ায়",positive
"নিয়মিত ব্যায়াম জীবনযাপনে শৃঙ্খলা ও নিয়ন্ত্রণ নিয়ে আসে",positive
"পরিবার বা বন্ধুর সঙ্গে ব্যায়াম করার ফলে সম্পর্ক দৃঢ় হয়",positive
"ব্যায়াম কর্মক্ষেত্রে উদ্যম এবং উদ্দীপনা বাড়ায়",positive
" ধারাবাহিক ব্যায়াম মানুষকে লক্ষ্য অর্জনে সাহস যোগায়",positive
"নিয়মিত ব্যায়াম শারীরিক ও মানসিক দুর্বলতা কাটিয়ে উঠতে সহায়তা করে",positive
"ব্যায়াম মানসিক শক্তি বাড়িয়ে তোলে",positive
"নিয়মিত ব্যায়াম শরীরকে বিভিন্ন রোগ থেকে মুক্ত রাখে",positive
"নিয়মিত ব্যায়াম দীর্ঘ ও সুস্থ জীবনযাপনে সহায়ক",positive
" ব্যায়াম বয়স বাড়ার সাথে সাথে শরীরের কর্মক্ষমতা ধরে রাখতে সহায়ক",positive
" ব্যায়াম বিভিন্ন ধরণের মজাদার খেলাধুলার মাধ্যমে বিনোদন দিতে পারে",positive
"ব্যায়াম নিয়মিত করলে সুস্থ জীবনধারার অভ্যাস গড়ে ওঠে",positive
" মানুষ অন্যের দুঃখ-কষ্ট বুঝতে পারে এবং সহমর্মিতা প্রকাশ করতে পারে",positive
"অন্যের সাফল্যে ঈর্ষান্বিত হওয়া এবং নিজের মধ্যে নেতিবাচকতা তৈরি করা",negative
"মানুষের নৈতিক মূল্যবোধ ও আদর্শ বজায় রাখার ক্ষমতা থাকে",positive
